keyword,title,contents,likes
留学,千万不要盲目出国！,"出国留学它并不是适合每一个人，所以当有了出国读书的想法时，你需要想想这条路到底适合不适合自己？可以从资金，独立能力，以及心理承受力等角度思考。

首先，你需要跟父母沟通一下家庭资金情况，毕竟出国读书是一笔不小的花销，那种诱惑你卖房子出国读书的方式是及其不推荐的！我们不能因为读书弄的倾家荡产，选择适合自己的路始终是最重要的。图片内是留学花费一览表（各个专业费用差别很大，只取相对平均值，个人生活花销差异更大，此处金额仅代表一个正常的学生的花销，不包含奢侈品类花销）

如果觉得在国内学的不好，只要出国花钱就能拿到学历，异想天开的觉得留学是捷径的同学也是错误的。海外教育宽进严出，能录取你并不代表你能够毕业。语言是我们出国后面临的第一步考验，你能否听懂全英文授课内容？你是否能全英文与来自世界各地的同学做项目？无障碍的与教授沟通？即使是雅思四个7.0的同学出国第一阶段也都是会因为听不懂全英文课而觉得煎熬，也会在小组讨论中和本土人插不上话而懊恼！所以海外留学并不是捷径，海外学历也不是那么容易能获得的。如果你决定出去读书，一定要先知道这不是一条简单的路，并且自己也愿意为之付出努力，这样你的学业一定会在你努力的基础上顺利完成！

近两年，妈宝娃娃越来越多，即出国留学听从父母安排，自己无主见；所学专业听父母安排，自己无想法；申请材料靠父母准备，自己不和老师沟通；录取拿到后住宿和室友甚至连一同出发的小伙伴都是父母帮着寻找的，自己全然不知；这样的孩子往往有一个特别强势的妈妈，或者特别细致的爸爸。我从内心中其实觉得这样的学生挺可怜的，自始至终都没有自己抉择的权利。妈宝娃娃确实不适合出国留学，直接把他送到海外，对他来说太残忍了，毕竟父母不可能跟着一起去读书，出去要自己面对来自于学习和生活上的各种问题，还要处理和同学老师的人际关系，他一定会非常有压力，学业能否完成暂且不说，心理会不会变得不健康呢？所以不太建议这样的同学出去读书，当然如果你自己想突破自己并挣脱父母的管控，主观意愿想自我锻炼是完全可以尝试的！我也相信会有很多人通过留学蜕变出更好的自己！

今天就到这里吧，如果以上三点看完后觉得自己不适合出国，那就乖乖准备找工作或者国内考研吧！#留学费用
 #出国 #硕士留学 #留学那些事 #留学生",690
留学,出国留学的意义好处在哪？,"出国留学的意义好处在哪？
1.思维变得更包容
出国后发现不同的文化背景原来可以让人们的行为表现有那么大的差别，所以接受与直接不相同人和事物的程度会大大提高。
2.思想变得更开阔
出国期间去各处旅游，与各国同学交朋友，接受不同模式的教育，然后才真正理解为什么地球是个村。
3.学会辩证性分析和独立思考
出国让人远离家人朋友，独自生活，跳出盒子，从第三视角看待过去熟悉和习惯的事物。原来大多数人认为正确的并不一定即使正确的，根据自己的经验和知识去做判断，然后拥有自己独立的思考体系。
4.发现自己更多的可能性
独身一人在国外独立生活时，你会慢慢发现这个世界上还有更多种可能性，你完全有可能在某一个专业领域发光发热，你清楚地感受到自己在向更好的未来前进。
5.开拓眼界，体验异国风土人情
深入当地生活与在网上看到是完全不一样的体验，有些事情只有亲身实验了，并在那个环境和氛围中亲身感受了，你才能更深入地理解他们的思维方式和生活习惯。最终，所有这些经历不仅会让你更好的成长，更会成为你最宝贵的回忆。
6.提高自身竞争力
针对大部分专业，如果利用留学的机会在国外找到工作，会是一个证明自己能力，区别化自己海归身份的好办法。留学后在国外工作几年再回去，既可以绕开国内普遍底薪高压工作的前三年，又可以在某些领域接触到更加先进的技术知识，增加自己回国以后的竞争力。
（1）企业工作，如果简历上写着毕业于世界前100、前200、前300的大学，可以增加自己的职场竞争力
（2）学校工作，海外博士、博士后获得的福利和职称大部分情况下会更好。
（3）创业融资，有好的产品后参加各省市在国外的创业大赛，更容易获得项目扶持经费。
7.扩大人脉，结识更优秀的人
在国外尤其是名校，可以认识各个专业各个领域优秀的教授、同学等，不仅扩大了人脉，还能向他们学习很多知识和经验，丰富你的精神世界。
8.提升语言能力
真正融入国外全英的语言环境，会让你的语言技巧潜移默化地提升很多。说一口流利的外语有时候不仅会提升你的自信，还给你带来更多的成长空间和机会。
9.回国就业竞争优势
无论是回国考公考编进入体制内，还是去企业，留学生身份都可以给你加学分，排名靠前的名校尤其具有竞争力。",1031
留学,出国留学对人的一生有多大影响？！！！,"🚶高中是一个班的高中，大学是一群人的大学，出国是一个人的出国。
🙍思考模式完全会变，更多元化，没出国之前一个问题可能就两三种看法，出国之后会发现看问题考虑的会更多更全面，因为自己的思维模式也逐渐被改变，感觉就想左脑是中国的，右脑是国外的。
💇出国后才知道爸妈一点都不在意我是个普通人，他们只希望我过得开心，鼻咽不再犯，而且可以自己动手把自己喂的白白胖胖的
💁思想变得更开阔么出国期间去各处旅游，与各国同学交朋友，接受不同模式的教育，然后才真正理解为什么地球是个村。
📷经历过新奇的事，遇见了优秀的人，领略了独特的文化，学习了成功人士的创业精神。人都是在环境中慢慢成长的，不自觉地就积累了经验，学会了应用。我后来也理解了，富人为什么愿意让孩子出国留学，因为那些经历，是课本里学不到的。
🏃独立生活是一场深刻的自我修炼，每一天的自理都是对自我的磨练和成长。
✊一定要成为自己喜欢的那个人

#留学规划
 #留学费用 #高考后留学 #美国留学申请 #留学美国 #美国高中留学申请及规划 #学习日常 #留学 #留学背景提升",94
留学,24Fall现在申真的来得及！完全来得及！,"近期很多考完研的弟弟妹妹们来询问，24Fall现在申请还来得及吗？
统一回复：根据以往的经验，是完全来得及赶上第二轮申请的‼️而且还有机会捡漏热门专业‼️

不过，我们要确认好哪些学校还能递交申请。
✅通常来说，大学申请有两种模式：
1、滚动式录取
通常所说的“先到先得”，录满为止；灵活性高，只有一个固定截止日期。
2、分轮次录取
录取过程分为不同的轮次，每个轮次有特定的截止日期和通知时间；申请者在每个轮次中递交申请，学校一起审查申请并发送录取通知。
所以针对分轮次录取的学校，哪怕是1⃣月再开始准备申请也是完全来得及的‼️

✅好消息是，香港大部分专业均在2024年2-3月截止申请，少部分专业的蕞晚截止时间在4-5月。
其中香港城市大学、香港浸会大学、香港教育大学等学校分别有全部及部分专业可以接受六级成绩‼️
无雅思的同学可以先递交香港大学申请。况且，同为一年制硕士，在学费和生活费上香港大学确实性价比高。

✅具体时间线建议
1月上旬
立刻马上‼️找一个靠谱的申请老师或者机构，择校选专业。找到一个负责的老师真的可以节省很多时间和精力。
1月中旬
准备文书材料包括个人陈述、tui荐信等。找好老师或者中介后，抓紧把自己的学术背景和相关资料提供给老师，让他们帮你挖掘闪光点，完成文书撰写。
‼️文书是除了个人学术背景外需要着重准备的资料，需要找经验丰富的老师去帮忙写，这样文书词汇更地道，更好地凸显个人的优势。
1月下旬
蕞迟1月下旬也要提交一轮文书材料，如果没有雅思也可先投递申请。
2月
等offer的同时，可以继续递交申请。
3-4月
继续考取雅思成绩，满足offer条件，确保语言达标。（实在考不出就只能考虑语言班了）
5月
要读语言班的同学，这个时间点需要去英国先读语言班了；不读语言班的，就是再接再厉考出offer语言要求。
6-7月
‼️毕业材料，应届生需要把自己的中英文学位证、中英文毕业证和中英文蕞终成绩单给学校。
8-9月
打包行李，准备出发去🇬🇧，迎接新的校园生活。
申请时间临近，大家还是要抓紧做决定、早早递交申请，在此预祝大家早日拿到心仪院校offer💌
#24Fall
#留学#2024Fall#留学申请季#留学申请#留学申请指南#留学生#考研后留学#无语言成绩留学",95
留学,这几类人真的不建议去出国留学,"🔴这几类人，留学需谨慎🔴

❌家庭经济条件不宽裕❌

🙅一种是家里预算不够，孩子非要去英美，家长卖车卖房让孩子去。一种是家长望子成龙，砸锅卖铁送孩子去的。孩子孤身在外，要什么没什么，留学生的贫富差距真的很大，心态也很容易崩，遇到点什么事情，捉襟见肘也很容易走错路。

🙅或者觉得自己只要在国外勤工俭学，一定能够生存下来的，不说有的国家留学生的打工时间是有限制的，而且自己是出去求学的，却天天在外面打工，完全是本末倒置，而且勤工俭学没有一定的毅力，真的不要考虑。

————————

❌认为留学是捷径，图轻松的❌

🙅留学申个水硕比考研好多了，捷径≠直接买证，在国外留学逃不了的还是学习、考试、写论文，国外压力大、诱惑也大。

🙅每年都有找机构好几万、十几万好不容易出去留学了，但是在外面脱离了父母，脱离了中国传统的抽一鞭子走一步的教育模式，频频挂科，被警告劝退的。留学没你想的那么难，但是真的也没有你想的那么简单。

————————

❌伸手党❌

🙅有些同学非常依赖父母，自己没有任何主见，还有的同学不想付出任何努力，只想摘取前人的果实。

🙅这类学生也不太适合出国，因为到了国外之后，父母很难再帮上忙，身边的同学朋友也都很忙碌，没有人能够无微不至的照顾好你。如果你缺乏主见，乃至缺乏生活自理能力的话，很难适应在国外的生活。

————————

❌自律能力差，主观能动性差❌

🙅去到国外后，就是需要自己照顾自己的生活，不像在国内那么方便，有时候还有父母的关心爱护，很多学生刚去，都需要一段时间来适应国外很多学校不会那么约束你，如果不自律，日常尽情玩，考试找代考或者买论文。

🙅先不说自己有没有学到东西，很可能被劝退甚至不允许参加毕业典礼，最终落个花冤枉钱，还对不起自己的父母。而且国外诱惑太多，容易走上不轨之路！

————————

❌极度内向的人，容易内耗的人❌

🙅极度内向且内耗的人，真的也不适合留学，过于内向可能不会主动去交朋友，很容以被孤立或者以为自己被孤立，情绪上容易低落和抑郁。

🙅建议在国内锻炼一下再去国外，毕竟国内怎么说也是母语，没什么文化差异，交流也比较方便

#留學
 #留学生 #留学那些事 #我的留学故事 #海外留学 #出國留學",533
移民,各国移民难度排名（主观版）,"①美国，难度最高🇺🇸
某些项目对“学历、年龄、语言”没有限制，但是需要你非常优秀，做到行业顶尖。

②英国，非传统移民国家🇬🇧
留学生很难留下，移民周期长，几乎完全拒绝父母移民。创新签证耗时短，但要求本科学历、雅思5.5分、创业。

③澳大利亚，门槛高🇦🇺
更想要高学历、有技能的年轻人。35岁以上难度高，不存在“大放水”。雅思要4个7就劝退很多人。

④新西兰，比想象中门槛高🇳🇿
虽然大家都说新西兰不好找工作、收入低，但他的移民要求并不低：本科、雅思6.5、移民专业。

⑤芬兰，周期长🇫🇮
不是所有人都能忍受芬兰漫长冬日，自雇移民8万欧虽然便宜，但也需要等4年，对经营状况也有要求。

⑥加拿大，难度相对低🇨🇦
地广人稀，移民是加拿大的国策，对语言、学历要求更宽松，所以很多去不了美国的人会优先考虑加拿大。

⑦日本，更适合华人🇯🇵
距离近，同属东亚文化圈。永住条件宽松，适合钱不多但能熬时间的申请人，或者走人才通道1年拿永住。

⑧欧洲小国🇪🇺
永居入籍无非熬时间，想快些就买房或走人才通道。西欧国家普遍更大一些，工作机会更多、经济更好。

更多有关信息，希望能帮到因为各种原因想移民的朋友们哦👇👇👇
📓硬核移民视频课程（mp4）
📒移民案例（美/加/新/英）
📕各国福利概览（pdf）
📗各国教育概览（pdf）
📒世界移民政策地图（jpg+20余国家）
📕移民优势职业清单
📗条件评估表（pdf）
……
全都可以用手机看！能帮一个是一个！
👨‍💻我是俞18，10年大企业雇主资源，持牌顾问提供合法移民渠道

#移民
  #美国移民  #英国移民  #澳大利亚移民  #新西兰移民  #芬兰移民  #加拿大移民  #日本移民",813
移民,恕我直言‼️普通人别瞎折腾移民出国,"1⃣️资产过千万，有车有房无贷

移民到发达国家生活品质不会下降甚至会过得更好
或是不出国只拿个身份
让未来有更多选择

或是很多非京籍家长
为了解决孩子上学问题办海外身份
毕竟jing籍比绿卡更难拿...

-

2⃣️一穷二白，肯吃苦有手艺

去哪打工都是打工
去发达国家当蓝领工人还更值钱

但这类工作并不容易❌
劳务中介的坑有多少我就不多说了
(把人骗到当地就解雇之类的)
远离家乡人生地不熟语言不通
没身份容易被雇主压榨

-

3⃣️如果非要再说一种可能，就是通过留学留在国外的，毕业后拿工签，然后雇主担保拿身份

提到移民多数人会跟我说
“那我还是先留学吧”
看似简单其实这是最难的一条路

美国🇺🇸应届生回国率90%
毕业后都要抽h1b
实际中签率不到15%
而工签转永居成功率不足5%

再说澳大利亚🇦🇺应届生回国率85%
雅思没有7基本不用考虑技术移民
甚至很多人卷8炸...
工签转永居成功率不足10%

新西兰和加拿大情况好一些
澳大利亚留不下来的都去新西兰了
美国留不下来的都去加拿大了
但也没好到哪去

如果你愿意付出更多时间成本
提升自己适应逐年上升的移民门槛
有面对更多不确定性的勇气
心态要足够好！
✅那可以尝试这条路～

-

这里是栗子🌰
只说真话不怕得罪人
永远不给你模棱两可的建议
但你要分辨是否适合自己！

-

#移民
  #出国  #美国移民  #新西兰移民  #澳大利亚移民",202
移民,2024移民，哪些国家不能去，哪些建议去？,"❌不去：澳洲‼
澳大利亚的移民政策收紧，人数减半，485工签时间缩短，年龄要求提高，大龄基本没戏。
✅建议去：加拿大🔥
加拿大是五眼联盟中目前移民政策相对宽松的国家，目前虽然有提高门槛趋势，但2024年又涌现出一些新的机会，像熟练技工里的建筑等门类将成为新移民热点。
❌不去:希腊‼
希腊的黄金签证价格直接翻了倍，干到了50万欧元，并且有可能取消。这个钱基本就是给希腊消化地产存量。也只是一个五年居留签证，想拿欧洲的身份很难，不值得。
✅建议去:德国🔥
德国的移民政策有松动迹象，如果能够通过人才引进等方式去，还是值得去的。德国的工商业发达，和希腊等国比起来，是真正可以干事业的国家。
❌不去:葡萄牙‼
葡萄牙除了气候好点，没啥优势，文化和经济都比较死气沉沉。除非你是老年人，过去晒太阳养老的，不然不要去，你会很快厌倦的。
✅建议去:芬兰🔥
芬兰缺点是冷，但是优点很多，教育和福利都是一流的，连美国老大哥都比不过。
❌不去:新加坡‼
新加坡太小了。当然，我知道很多去新加坡是为了转移ZC去的，但是新加坡这样的小国家护照，在紧急时刻，能给你什么帮助呢？
✅建议去:美国🔥
有了美国护照。你的资产安全就是加了一把最保险的锁。一切尽在不言中。#移民
 #澳洲移民 #欧洲移民 #加拿大 #加拿大移民 #美国移民",324
移民,去移民吧，信我，真的能重启人生,"任何人+第二身份=王炸，想必大家都知道
其实移民没有那么难，下面这些容易移民技巧真的是永居干货！🐎住移民稳了
-
🏃瑞典绿卡
全球福利最高的一个国家，生活含金极高。即使不工作、从未交过税，也能在65岁之后享受免费的养老。【雇主移民】仅几万欧，无需买房、投资，不限制语言、学历，整体4年时间即可全家获批永居
-
🏃芬兰永居
全球幸福指数最高的国家，青年教育曾在联合国测试中打败美、加，夺得冠军🏆。芬兰经济发达，读书直到博士免费，医疗全民免费。自雇移民仅需经营喜欢的小生意，约7万欧元全家移民
-
🏃德国蓝卡
移民德国最捷径化的方式，无需买房、投资，最快21个月获批永居。本科学历医学、数学、IT领域具有极高获批率，整体仅几万欧元全家移民
-
🏃爱尔兰永居
无语言、学历、职业、年龄、居住条件等任何条件限制，购买爱尔兰房产，额外提供1.5倍固定资产的抵押，以保证返款，4年到期全额返还，移民欧洲最为简单便捷，也是未来定居英国最为便捷的方式（可为父母申请办理身份）
-
🏃加拿大SUV创业移民
加拿大地广人稀、幅员辽阔，福利、教育和医疗条件均位于全球前列，但是自雇移民目前有50个月排期，雇主移民也环环艰难增设流程，SUV创业移民今年联邦大力扶持，整体不工作、不居住、雅思5分，最快3个月即可全家一齐登陆
-
🏃美国绿卡
EB-5移民今年移民局大赦，已无排期。移民预算充足可以抓住这次快速登陆美国机会。移民政策多变，今年可以说是定居美国的红利年。合作品牌为全球知名品牌，四年到期全部返还，当下定居美国最绿色便捷方式（无语言、学历限制，符合居住就能续签）
-
🏃葡萄牙入籍
目前有50万欧基金名额。合作开发商为喜来登、希尔顿等世界知名品牌，增至收益非常有保障，无任何杂费，签订强制回购协议，整体花费一两万即可成功为全家人申请入籍身份
-
🏃日本移民
国际人文签证无需经营管理公司、无需投资，最快仅一年即可获批永驻身份，整体仅约5万美金，续签简单，移民日本最受欢迎一种方式（当下80%群体申请办理）

#移民
 #欧洲移民 #日本移民 #人生重启计划 #美国移民 #加拿大移民",736
移民,未来10年，很有前景的6大移民国家,"🚩未来10年，都非常有前景的国家有哪些呢？
这6个国家，无论是医疗、教育、福利还是居住幸福指数和安全系数，都是十分优质的，非常受国人欢迎。
✅1.加拿大
加拿大福利优渥、教育出色、经商环境良好，是目前移民政策相对宽松的国家。
SUV直营项目，全程仅需十几万人民币(一辆普通车的价格)在国内拿到枫叶卡。语言CLB5，年龄偏大些更有优势。
✅2.芬兰
芬兰是世界最幸福的国家，有非常健全的社会福利。
自雇移民由芬兰移民局法案支持，大专学历申请，全程仅需做点小生意，无营业额要求，全家拿永居。
福利覆盖终生，读书直到博士都是免费，所有居民都享受免费医疗。
✅3.斯洛伐克
所有欧洲国家中，投资性价比高的就是斯洛伐克，是地理位置和投资环境最好的国家之一。
斯洛伐克D1投资移民，投资标的是一个产业园区的产权，可直接拿永居卡，无居住要求，还可携带已经成年子女。
✅4.瑞典
瑞典是北欧五国之中最大的国家，以慢活的生活态度和完善的社会福利吸引人移民。即使不工作不交税，65岁后也能享受免费养老。医疗、教育全民免费。
本科学历，收购本土企业50%股份，2年全家转永居，享受分红收益，无需居住。
✅5.英国
英国，无论是从子女教育、事业发展，还是从生活环境、社会福利，都让很多人心动！
英国工签，雅思4分，3周获批，高性价比，成为众多个人或者家庭的首选项目。享全球优质教育资源，NHS全民免费医疗。
✅6.瑞士
瑞士地处欧洲中心，世界最富裕的国家之一，风景秀丽，避税天堂，中医移民是普通人移民瑞士的捷径，有瑞士中医协会认可和保障，无需千万资产！
申请人需5年全日制本科学历，中医相关专业，一年以上的工作经验即可申请。
中医师月薪6万RMB，2年就可转移民签证。

私❤️我+移民顾问
🆘免费评估移民资质

#移民
 #签证 #欧洲移民 #芬兰移民 #瑞典移民 #日本移民 #瑞士移民 #工作",649
Tiktok,搞钱女孩看过来❗️TikTok从入门到封神👍🏻,"▪️什么是TikTok？适合新手吗？
▪️中🇨🇳国人做TikTok有哪些优势？
▪️个人做TikTok，如何起号，直播，变现？
▪️企业如何利用TikTok拓展海外市场？
……
作为面向全球的的新媒体内容平台，近两年来，TikTok受到越来越多的人的关注。如果你曾在网络上刷到过【TikTok】与跨境电商，对他们充满好奇却又不知如何入场，那一定要来读一读这本《TikTok爆款攻略》❗️

·
📖《TikTok爆款攻略：跨境电商的流量玩法与赚钱逻辑》
作者：笛子
出版：民主与建设出版社｜时代华语
·

✔️本书作者笛子是一个资深的跨境人，有着丰富的电商经验，也是TikTok的第/一批践行者。她踩过坑，也赚过钱，总结成这本干货满满的书。

✔️笛子从账号定位、起号运营、内容提升、直播带货各个维度讲解，使我们既明白了TikTok的底层逻辑，又学习了前沿的跨境电商和TikTok的运营技巧，真的干货满满！！😍

·
✅什么是TikTok？
TikTok是字/节跳/动推出的dou音海外版。目前全球下载量超过35亿次，月活跃用户超过10亿次。

·
✅中🇨🇳国人做TikTok有哪些优势？
①内容潜力优势：网感好，短视频内容好
②产品力和供应链优势：品类多，质量好，成本低
③用工成本与时间优势：天然时差

·
✅TikTok五大核心力量
①产品力：做好选品
②内容力：夯实核心力量
③获流力：理解流量与""留量""
④运营力：加强流量的承接与成交
⑤品牌力：建立品牌资产与壁垒

·
✅TikTok起号阶段更新策略
①视频发布时间：早上10点和晚上10点
②频率：每天更新2条视频
③根据内容投入不同的资源

·
✅TikTok直播带货四大坑
①
❌选择英语专业的主播
⭕️英语流利➕销售思维兼备的主播
②
❌将直播当成演讲
⭕️提升直播信息密集度和爽点密度
③
❌用低价引流品
⭕️选择与利润品品类一致、价格差距不会太大的非同质产品
④
❌只学不练
⭕️边学习，边实践！

·
📚书中还为个体创业者如何在TikTok变现，以及企业如何利用TikTok拓展海外市场等方便，提供了切实可行的方法和思路❗️不管你是想个人尝试，还是想带领团队做大做强，都可以来读一读这本书！

#不懂就问有问必答
 #笔记灵感 #618小红书买买节 #tiktok",145
Tiktok,Tiktok视频剪辑🔥,"Tiktok视频剪辑
上一篇笔记有许多小伙伴点赞啊，那么今天这一期就教一教大家如何剪辑视频，可能会有的拖沓因为想为大家把原理和一些细节操作说的尽可能详细，让大家明白，可能有点长啊应该会分几篇笔记给大家介绍，如果大家喜欢的话请点个赞，你们的赞就是我更新下去的动力。
做Tiktok视频一共有两种形式
第一种是原创视频适合于老手或者动手能力极强具有丰富想象力的人，点子多的或者有团队的可以一起去试试。第二种就二次搬运二次剪辑。
如果你是刚做不久的新手啊，没有一个视频原创的能力，那我这边是强烈建议你去做二次剪搬运和剪辑，当然原创视频肯定是我们的最终目标。
为什么这么说呢？对于新手来说啊，前期呢主要还是要把tiktok这个整套流程先去跑通，而做二次剪辑呢可以让你更加容易上手还有一个好处就是你可以批量化去生产视频，目前的tiktok不像很多人想的那样我们直接去把别的平台视频复制粘贴到tiktok上面就好了，在前两年我们的确是这么做的，但是如今这种方法早就已经行不通了，那么二次剪辑就变的非常重要了。
查重机制
首先我们要知道为什么复制粘贴别人的视频没有流量？因为tiktok有一个查重机制，什么叫查重机制很好理解就是重复的视频不会有流量。tiktok平台对于我们发布的视频检测，它的原理呢主要有两个
1⃣️九宫格视频检测
第一个就是九宫格视频检测，平台算法啊会把我们的视频分割成九宫格的模式用来和视频储存参数库做对比检测
2⃣️抽帧检查
第二种就是视频的抽帧检查，就是平台会在我们的整段视频里面去抽一定帧数画面，在跟平台储存的视频数据库去做对比检测，可能有的抽象，可以理解为平台把我们的视频里面的各项参数到已有的参数库去做对比从而判断我们的视频是否与参数库中的视频相似。
那你视频相似度到一个值，它就会判你的视频是重复视频然后就不给推荐。
当然这些判别基本是都是系统算法在操作，它不可能是人工去直接判断，系统呢是比较死板的我们就要去摸清楚它的一个逻辑然后就可以做一些针对性的操作，从而达到去重的目的，也就是我们所说的二次剪辑。#TikTok
 #tiktok #跨境电商tiktok #视频剪辑 #短视频剪辑",75
Tiktok,Tiktok前期攻略指南❗❗❗,"想在Tiktok上成功赚💰前期准备一定要做好
👋 大家好，想要在TikTok上获得成功？那就需要做好前期的准备工作哦！建议一键三连哦~
📱 手机相关：
①T荐使用苹果手机，iPhone 7及以上、内存32G以上比较理想；
②安卓手机需要能够刷机，建议使用系统7.0及以上，内存4G+32G以上。
📲 账号注册：
①T荐使用谷歌Y箱、雅虎Y箱或企业Y箱等海外Y箱来注册账号；
②不T荐使用国内Y箱，可能会接不到验证码；
💡 注意事项：
①手机必须能刷机；
②新手建议用苹果机，因为相对稳定；
安卓机的话虽然CB低、群控方便，但用久了可能会变慢，而且品类太多，不太适合新手。工具下载也不太方便哦！
🌍 做好前期准备工作，才能够有效提升粉丝数量和引流效果哦！记得先打通C作流程，再精细化运营，才能达到目标哦！
#tiktok
 #跨境电商 #跨境电商tiktok #tiktok变现",48
Tiktok,团队散伙 一堆库存｜TikTok跨境卖家真实情况,"你们还好吗？团队还在吗？货还卖得掉吗？

自从转战到东南亚做TikTok后，我很少再写跨境的事，但是今天看到官宣，8月底官方将正式关闭半闭环

我应该是最早一批做TikTok跨境的卖家了，水晶的火爆，珠宝的转型我都赶上了末班车。但是英国，美国等该踩的坑，该赔的钱一分没少

最后的结局就是：跨境团队解散🙃合伙人退资🙃至今还有一批库存和工厂拉扯。shopify关了上个月还扣了几十美金？

当时我自己备受打击，把自己关起来天天哭无法入睡，缓了差不多一两个月。硬撑着断臂求生坚持转型做东南亚才能走到现在。

这些经历很宝贵，后来每次培训我都很自信地跟学员讲 “不要觉得你遇到的问题难解决，其实你们遇到的坑我都踩过，你们没遇到的奇葩事我也很不幸地全经历过，今天东南亚TikTok对我来说是easy模式啊！我们已经沉淀出一套非常成熟非常有效的操盘手法，只要你跟着做，绝对让你省钱。”

✨✨✨

今天我也总结一下当时跨境业务会失败的经验：

1. 入局太早，平台自己天天都在变政策，无论我们多擅长做号，直播都没用，卖家注定是炮灰

英国的履约问题到强制入仓再到全托管🥹 美国总拿做到怎么样给开半闭环画大饼，结果申请的时候条件一再变化🥹 等等等。很多跨境的政策不像东南亚本本稳定，至少2个月变个规则，以至于面对这个平台，我从一个“要第一个吃螃蟹的人”变成“子弹再飞一会儿” 对于中小卖家，学会不要亏钱比学会赚钱更重要

2. 选品和好的供应链很重要。我对水晶，莫桑一无所知，当时也就这两个品还能在平台上有些机会，一开始找工厂合作真的是教了不少学费。尽管我们很快做到了头部top，开始定制款式，但是销量越大后期越苦恼。

首先是爆款就那么几个，爆了就要补单，工厂生产有周期，爆品跟不上就不叫爆品；另一个是戒指不同size有不同的sku，卖的越多库存越多。逼着我们后来想了各种办法去做供应链预测，提周转降库存，这个血泪总结了经验帮助后来帮助到了多sku的服装彩妆卖家。

3. 团队很重要，TikTok是一个“人力很重”的业务，说一个人就能做这种话真的不负责任。不合适的人即使感情上舍不得，老板也要学会快刀斩乱麻，越拖越乱，也会严重影响团队的整体氛围。

现如今，我仍然在许多TikTok跨境卖家的群里，这些群也基本没人说话了。
#TikTok直播
 #创业",826
Tiktok,TK小白们 入坑前 先听听坑里的我的劝告!,"#tiktok
 主页有群。 我怎么入坑的? 还不是看了很多""老师""""大神""的各种""晒单""和""小白攻略""把整个事情描述的太简单了。(可能是我不行吧) 咱们看看我的真实数据截图。首先披露，我是🇲🇾马来西亚本土点，当地马来朋友开的号，我出💰出力。当时幻想我从国内一件代发铺货，她负责当地运营。🤚不行! 马来TK要求48小时内出货，国内还没出货呢我们TK就吃了""发货超时警告"" - 限售啦! (每天只能卖3个物品!) 粉丝情况不错，氪金呗，7天花了小3000🐎币，折合近4500元，数量上非常好，获得了11000实际粉丝，质量上??? 97%男粉!! 99%马来西亚，一半在吉隆坡。 哭笑不得啊 (⊙o⊙) 我们的引流贴都是🇰🇷星啊，引来那么多大老爷们儿来关注 还收到很多""油腻""搭讪，不过我看不懂，都是马来语 朋友说挺无聊的。我们本想做女装，后来突然改成男装，谁叫我们全是男粉呢。被限售前卖出去 7条短裤  我这哪是跨境电商啊，我跨境摆地摊都不如!

聊聊干货:

1。需要当地库存, 48小时内必须发货，马来西亚流行货到付款(物流公司负责收款)，这是小白最大挑战，那就是走当地云仓，还是自己囤货? 我只能说，先看看自己的荷包再说吧，还有就是自己在哪个国家开店。

2。别学我烧💰吸粉，没用，11000粉丝后尝试了自然流量，每个帖子也就100-200个浏览，不太成正比啊，TK你来解释解释是不是就要我们烧💰?

3。尊重慕斯林或任何当地文化规矩，我的小号被直接封号，因为发了某人参加某🐎秀 。。。和一些韩舞视频 (露大腿太多也不行!) 这个锅怪我。

4。直播带货，我还没开始就被限售了，就先歇一歇; 东南亚没有国内那么完善和高竞争的MCN网红经济环境，而且可以0粉直播带货 (不买推流，不一定有人看，我猜的) 这也是我下一个目标吧，开始诚聘马来本土销售员用我的号直播代销，做个营销号算了，实在懒得选品和收发包装货物。

5。不要看别人晒销售收入流水单! 谁自己压货没压货，净利润到底正负，谁自己心里明白! 卖出10万的货，不代表挣了10万工资! 大家还得认真坐一坐财务会计盈亏预算啊。

6。选品，我直接放弃! 所以打算好好养粉，做个直播代销的营销号合作号。这个是我的个人因素，就是没有审美和市场洞察力。还是交给其他能人或者厂家吧

#不懂就问有问必答 #电商运营干货 #跨境电商 #自媒体运营 #电商运营  #电商 #劝退",668
运营笔记,自媒体超好做的。（极速版）,"陪跑了一百多个账号，终于熬夜帮新手博主总结了一份两个月计划，适合爱偷懒、性子急，想快速出流量的姐妹们，赶紧🐴住！
.
一、第1~3天：确定赛道、定位、和形式。
1⃣用swot分析法找出自己的兴趣和优势，选择合适的赛道。
2⃣ 参考自己的身份、性格特点来进行人设定位。
3⃣如何呈现？图文或视频？内容差异化？
.
二、第4~5天：完善个人主页。
1⃣名字
参考：纯昵称/昵称+细分领域/职业、身份+昵称/xx+要做的事/谐音梗/昵称+性格/地区+昵称
.
2⃣头像
参考：一般个人ip用真人头像是最好的，其他账号的头像只要好看或者有特点就行。
.
3⃣背景图
比例为5：4，可以是个人简介的扩充图文。
.
4⃣简介
参考：定位+人设+赛道+slogan。一般是转化粉丝的关键点。
.
三、第6~16天：搭建选题库。
1⃣筛选10个对标账号，5个尾部博主作为短期目标。5个腰部博主作为长期目标。
.
2⃣分析他们的标题+封面+内容+文案，以及整体账号的内容规划，关注内容的评论反馈，作为自己的选题思路。
.
3⃣搜集适合自己选题素材，将他们的标题和内容提炼成适合自己账号的选题素材。
.
四、第17~27天：提升文字功底。
如果文案很差，建议新手可以模仿对标的文案，从文案结构、排版、表达方式去1：1的仿写，长期坚持下来就会形成自己的文案风格。
.
五、第27~35天：优化选题。
前期可以多仿一些同行的优质选题，再通过笔记的互动数据区优化选题，流量持续很好的选题就是你需要长期输出的内容。
.
六、第36天~60天：坚持更新。
很多新手宝子发个两三篇，数据不好就直接放弃了，但数据和选题、封面、发布时间、推送人群都有关系，所以一定要坚持多发内容，才能测试出用户爱看哪些内容。
-
七、博主都在用的运营工具
📚运营学习：摸鱼运营社（公众号），小红薯博主的运营干货，还有多对一的博主陪跑课。
📚追踪热点：今日热榜（网站），快速浏览各大平台实时热点。
📚选题工具：巨量算数（网站），输入选题关键词关联词。
📚封面制作：黄油相机、醒图
📚作图排版：稿定设计、创客贴、可画
📚图片素材：Pexels、unsplash、花瓣网、千图网
#新人博主
 #如何做博主 #小红书博主入门#自媒体",51427
运营笔记,新手博主入门🔥教你从零开始做小红书账号,"做小红书博主真的太香了🔥自己做小红书一个多月，涨粉7000＋，收获多篇赞藏破千的笔记❗️

很多粉丝宝宝来跟我求经验，今天就跟大家分享一下，新手小白如何从零做账号，超硬核干货❗️我从赛道定位、对标账号、选题准备、内容制作、数据复盘这5个部分来讲，保姆级教程，自媒体小白也能快速入门！

1️⃣赛道准备
根据你的兴趣和优势选择合适的赛道，赛道决定后期的变现和持续输出。
2️⃣对标账号
不要上来就发标新立异❌认真拆解20个对标账号，研究他们的人设、选题、封面、标题等等。
3️⃣选题准备
搜集50-100个高赞藏的选题，建立选题库，途径：搜索领域关键词or从对标账号中找流量密码❗️
4️⃣内容制作
一次性制作10条笔记，稳定频率发布
5️⃣数据复盘
做好数据分析，复制自己做的好的地方，提升内容质量
按照这五步去做，新手也能快速把账号做起来，不要走弯路了！
#新手博主
 #自媒体运营 #小红书新人 #新人博主 #素人做博主的长成日记 #新媒体运营",26535
运营笔记,运营干货 | 爆款笔记打造 | 实操吐血分享！,"1.定位：立人设
一眼就清楚你这个账号是做什么的？
为什么要关注你？
关注你能为粉丝带来什么好处？
主要呈现：头像、昵称、背景图、个人简介
2.内容垂直：普通人做博主想快速涨粉，内容垂直是最有保障的。当你持续发布同一个领域的内容、小红书的账号权重也会更高。（只有让别人有获得感你的存在才有价值，开心的情绪或者推荐了好的物品都是获得感）
3.图文统一突出：小红书的平台属性归根还是图文为主的平台，用户画像也以年轻一二线女性为主、视觉很好，整体画面统一就赢了一大半！
4.有节奏的更新：固定时间
流量较大的时间点：7：00—9：00
12：00—13：00
15：00—17：00
20：00—21：00
23：00—3：00
5.寻找对标账号：先模仿再超越！拆解账号、并收集同一领域的十篇爆款案例，进行拆解。
爆款案例拆解：爆款选题、文案结构、图片布局、
7.信心➕平常心：不要被数据带着跑！我想这一点大家都会有很强的代入感(´•̥  ̯ •̥`)
8.不要随便删图文，会影响权重，可隐藏。
关键：找到自己热爱并擅长的领域、因为坚持下去很重要！@小红书成长助手

#运营
 #表现#素人做博主的长成日记",19827
运营笔记,运营干货1⃣️｜小白入门‼️从瑞幸提炼4个重点,"运营的分类很广，职能分得很细！在小的创业公司可能面临“身兼多职”的情况，大厂往往会把运营的种类细化。入门/跳槽前，本篇小白必懂⭕️今日份打卡：内容运营、用户运营、活动运营、产品运营都是什么，工作职责、SOP都有什么内容。

运营科普$干货，我会作为一个系列来出，下一篇讲运营的工作流程！

🌟内容运营（以瑞幸x椰树为例）
1⃣️做内容运营的，很常听见“矩阵”这两个字。其实就是定好平台，平台上分别宣传什么内容。
2⃣️包含：内容是以文字、图片还是视频的形式宣发？风格定位搞笑、深情还是知识干货？策划、选题、造势怎么操作？对内容转化负责，怎么提高转化率？生产什么内容？

🌟用户运营（以瑞幸社群运营为例）
这是目前最常见在招聘的岗位（社群运营），门槛低，想做好需要关注很多的细节。
1⃣️新增：渠道的选择，新增数据的监测
2⃣️留存：互动、反馈、福利、用户问题的解决做得到？
3⃣️活跃：用户积分体系、激励体系（群签到、抽奖..）
4⃣️传播：用户相互价值，增强生态的良性循环（这个以后的笔记会出）
5⃣️流失：利用用户画像，分析流失的原因，唤回流失客户（RFM模型、定期发券..）

🌟活动运营（活动策划）
这是一个低门槛，高洞察力，有意思的职能岗位
1⃣️活动策划：策划方案怎么写？（见图6）
2⃣️资源确认：渠道、成本控制、资源分配
3⃣️宣传推广：排期、渠道、内容、主题
4⃣️效果评估（复盘）：数据如何分析（后面笔记也会出）

🌟产品运营
1⃣️常见的是产品经理岗，一个要求全方位的职能，最需要数据分析、用户沟通等综合能力。
2⃣️意义：产品价值=功能➕体验➕用户参与价值；产品运营就是帮助产品更好实现长期价值，给用户提供短期价值且促使用户去发现产品的长期价值（有点拗口，但能看懂的就悟了30%了）

🌟总结：运营不是独立于市场、产品的板块，四个运营职能与产品和市场息息相关。最明显的特点在于，运营需要对自己职能内的数据直接负责，需要想办法优化这些数据。

今日份打卡完毕，如有不对欢迎指正！后续会持续出内容运营怎么做、用户运营怎么维系社群、活动策划方案怎么写、产品需要关注的数据有哪些，怎么分析数据？⭕️感兴趣的可以持续关注哦！

#干货分享
 #职场日常 #营销干货 #运营 #运营学习 #内行才知道",7435
运营笔记,运营小白应该如何成长❓丨附电商思路知识表,"哈喽，
最近收到有人问我说：“我当了好久的运营小白啦，
一直没成长，感觉工作到了瓶颈期怎么办？”

想想我自己当时从客服转岗，运营小白初期，
有时也会觉得迷茫，但我觉得呀，
每份职业都需要你内驱地成长，而成长最关键就是：懂思考！

好了！
你先来想想我接下来问的问题你心里都有答案吗？

1⃣️第一个问题：你是做什么类目的？
你知道你的行业里，竞品top的前三是哪几个吗？
他们店铺的进店流量渠道分别是什么？

2⃣️第二个问题：运营的逻辑是什么？
销量第一、销售额第一、流量第一、利润第一
你的店铺目标是以上的哪一个？

如果你没有答案的话，再和我一起，
看看以下这些问题与思路。
自己学会思考，并在工作里找答案，
我担保之后没人会再说你小白。！！

运营逻辑：选择大于努力，店铺找准方向再发力。
（一）对症下药，先找到自己店铺定位！
商家排名一般有四个维度，
你要看自己需要达到这四个维度中哪一个是你努力的方向。
（二）流量怎么来
参考竞品最快捷：
后台软件：
生意参谋-竞品分析里-添加竞品-再查看流量来源

可完整清晰地看透竞品的店铺流量打法！再看自己是否也可以这样操作放大流量。

（三）怎么放大流量并留住流量？
1、转化率，当流量来了后，你的店铺是否能承接流量？（流量来了但不转化，一般是内功没做好）
内功包括：主图、详情页、价格优势透出、销量与好评。。
记住主图点击率是非常重要的，多看同行的主图怎么做，找精髓！

2、展现销售渠道要增大，少量S单配合上升趋势
这里的门道多，下一期说~
3⃣️第三个问题，怎么稳住流量？
第一、销售额，（销售额不能下降），
第二、主图点击率，同样的权重，展现，而你的主图点击率比别人少一半，怎么弄嘛？
第三、售后评分指标，不管怎么样用手段不能降低。
第四、这个月的今天和上个月的今天对比一下销售额，是否下滑了，学会分析问题。

〰️

有人问了，这么费劲，为什么呢？
因为，能独立运营店铺的运营比小白少得多，
自然也要比小白有价值得多！！

其中最大的区别就是，
在于：你是否会用电商思维去思考问题？
——这也是越来越多老板愿意寻求有经验，能独立运营店铺的电商运营的原因。
#运营
 #电商运营 #我有一个小问题 #电商运营助理 #电商干货",1976
创业,2023创业新趋势 | 普通人能把握的新机遇🔥,"我在广州明显看到现在人流量不断增多📈，让我想不到的是，餐饮行业速度如此快速🔥，平时出去吃个饭都已经排长龙的队伍了，果然还得是人间烟火气，最抚凡人心💰～
（先看完图片内容👆🏻）

-
❶ 对于餐饮行业来说，也存在一部分人的消费降级，平时人均100的，现在50，人均50的变30💰

所以短期来看，小投入的【地摊美食】是个不错选择：

比如：写在大字报上19.9一份的烤鱼🐟，吸引力爆棚🔥，鱼的成本不高，其次从➕其他料、酒水、套餐更划算方面入手去拉高客单价和利润。

📌 不要说地摊、餐饮不好做了，只要好吃，很多人坐飞机都跑过来吃，我昨天在路边摊买了两份美食，真的真的可难吃了，真的不能怪别人不复购呀，谁不爱美食呢？

-
❷ 新农业经济

可以了解一下云养鸡🐔的模式，听起来有点不可思议，但是细细想想，确实存在大量的需求，一个新兴商业思路。
亲子休闲农场、特色健康农产品直播带货等等

-
❸ 大健康经济

心理健康疗愈很火，未来前景也很不错，年轻人的减压方式，更多追求精神层面的需求，覆盖人群会越来越多。

还有养生、食疗、健身运动等等

-
❹ 养老经济

新式旅居养老，森林养老，社区养老，新的一批退休人员，自带退休金，身体健康，追求的就是品质、健康的生活。

很多现在30+的年轻人都有想去提前体验养老生活的需求，比如我，很是羡慕啊～那种吃喝玩乐的慢节奏生活。

-
❺ 悦己经济

去🔎美学思维，不管是面部的、形体、服饰搭配、家居装饰，都在讲的一个词：美学思维🔥。

想要在美业发展的，这个是有前景一种新的概念，会这项技能用来做自媒体，都非常优秀。

-
❻ 单身经济

一个人时间更多、花费💰在自己身上也会更多，那么一人行旅游、一人份美食打卡、一人的家居用品，都会有市场。

还有萌宠、社交活动，给单身人群打造一个圈子。

前几天我看到一个【单身餐厅】，进去的人都是单身，慢慢传播开了，那里就不仅仅是一个餐厅，是一个社交场所，这就是差异化。

#搞钱
 #赚钱 #那些赚钱的副业 #创业 #餐饮创业 #创业坦白局 #宝妈创业 #女性创业 #必备商业思维 #行业我知道 #开箱吧专业 #宝藏新风向",27413
创业,从0创业收入八位数，真诚分享给你的几个建议,"📍
人和人之间本质的差距就是认知
千万不要觉得牛逼的大佬是天生的厉害
因为这种想法会让你
产生自卑和局限自己成长

📍
我遇到过很多人先知什么能赚钱
她们也看到身边有人因为这个赚了钱
但总是在自我否定，觉得自己干不了
亦或者为自己的懒惰找借口等待所谓合适时机

📍
其实简单粗暴的说
大多数的人成功的方法是复制和模仿
千万不要抵触去模仿别人
那复印机复印还要钱呢～
人能学会复制，就是一项重要能力
在你还没入行，还没有创新能力的时候
先去模仿，去入行，慢慢创新
这是最快的方式，没有之一

📍
就跟我们小时候学写作文一样
有个范文给你看，先去学习怎么去写✍🏻️
其实学习的底层逻辑是相通的
先了解，再模仿，后创新
商业底层逻辑也是如此

📍
相信自己是第一步
再有能力的人也不会次次都成功
但他可以一直去尝试，坚信自己可以成功
慢慢走来就拥有了许多能力，丰富的实战经验

📍
不要光去羡慕别人的光鲜结果
比如现在的谷爱凌，天才一般的女子
但你去看看她的锻炼，练习的多么的艰辛
人家克服的困难，这种坚韧自信的状态
也不要盲目酸说她的原生家庭条件好
多少家里条件好的也没有成为世界冠军🏆

📍
但却也有比你条件更差的人成功了
比如奥运冠军全红婵为了给母亲治病而努力
所以不给自己找理由
你想拥有的，包括别人拥有的
都是努力的付出，而得到的🙌

这么一想，不管你努不努力
我们都可以释然的过好这一生
因为这都是我们自己选择的～
#搞钱
 #赚钱 #底层逻辑 #思维 #商业思维 #极简主义",16532
创业,大佬年赚100w的模型,"按照这套横型走，一年100万问题不大。

第1步: 卖
先确定好要卖什么。
接地气的赚钱模式，就三种。
1、卖实体。比如二手手机、IPAD、燕窝、海参水晶等优先选择高利润、高复购产品。
2、卖资料。比如教资资料、公考资料、恋爱资料考研资料、会计资料等等。
3、卖服务。比如情感咨询、心理咨询、创业指导挽回、律师咨询等等。

第2步:寻找同行
寻找50个优质同行
某音、某书某乎、某号等平台，筛选出50个优质同行。
建立EXCEL文件，做同行数据库，标明他们的平台主页链接、粉丝数、选题、更新频率。时刻关注新冒出的同行，填充到自己同行数据库。

第3步:模仿和学习
学习他们的内容形式、选题、文案结构、更新频率等等。然后采集内容，做内容素材库，自己模份生成。内容生产流程要拆成各个环节:环节ABCDE..
每个环节批量去做，比如文案就批量做50个，剪视频就批量剪50个。
一个环节批量做，是为了减少不同环节切换造成的损坏，同时重复性动作批量做可以减少时间。

第4步:批量分发
每天产出50个视频/图集，准备5个手机。瞄淮10个分发平台:某书某音、某手、某乎某条、某号等等，然后批量分发。
1个视频发1个平台，就是一个触点。
50个视频分发10个平台，就是500个触点。一个月就是15000个触点，一个触点，搞来一个精淮流量，也值了。

第5步:成交转化简化成交，用某信就行。
某某信=承接流量+朋友圈转化朋友圆素材，小号添加50个同行，每天搬运或者改编朋友圈即可。

第6步:招生
等自己靠这个模式稳定日赚200+了，有成熟的引流十变现+售后体系，则可以开始招生。招生来源-客户(自有)十网创1P粉丝(另起一方面是做这个项目，本身引来的流量;一方面是来自于做网创ip所积累的粉丝

第7步:团队操作
一个人做项目熟练了，则可以把各环节拆分，分派给不同的人去做。

第8步:招商加盟
这套团队操作的模式打通了，则可以招商加盟，卖合伙人。
卖的就是一套团队操作的方法、细节和模式

第9步:联盟后端
当拥有足够的学员和合伙人，则可以吃各个环节的利润差+裂变产生的附加值。

这9步做好了，一年100W打底。而这100W，只是来源于自己用心打通一个稳定日入200+的项目。
#创业
 #职场那些事儿 #女性成长 #商业思维",11684
创业,26岁年薪百万，分享给女生的创业搞钱经验,"我毕业于普通二本，学前教育专业，在23岁时赚到了人生的第一个100W，并在今年开了一家旅游公司。
（完整版创业故事可看图👆）
-
我深知创业的不易，所以这篇不是和大家传递“我有多成功”的结果论，而是想要通过自身五年实打实的创业经历，总结一些有用干货给大家。希望想搞💰姐妹们能少踩一些坑，早点赚到人生中的第一桶金。
-
①少看短视频，多了解行业动态
我身边年入七位数的大佬，每天都会定期看guo家政策、行业信息。这其实和做生意的本质一样，你想要赚💰，你就得离一手资讯蕞近（短视频已经是二手/三手资讯了）。
请相信：“乘着时代的东风才能离成功更近”。就像是早期的互联网，如今的新能源、大健康行业。谁能洞察出方向，谁就预判准形势，谁能抓到这个风口。
-
②遵从内心喜好，勇敢迈步
我为何会从幼教转行至创业？其实归根到底是因为我不喜欢墨守成规的生活。当我们发现自己喜欢做什么，不喜欢做什么时，就不妨大胆让自己去做“喜欢的”，而非适合的。敢于迈步这点真的很重要，你害怕行动，你害怕承担责任，实际上就是害怕成功。
-
③拒绝完美，完成更重要
有想法就去做，完成比完美更重要！我从来都不是在准备好的状态去做的，而是边学边做。比如我不懂旅游路线，那么我就多看纪录片，多去看旅游过的人撰写的随笔，然后就自己去踩、去玩。我清晰记得记得一位良师说过：“没有人一开始就能想清楚，只有做起来，目标才会越来越清楚”。这句话同样想送给想要创业，却迟迟没迈步的小伙伴。不要放弃每一个灵感乍现的时刻，因为它都是你希望的开始。
-
④拥有从头再来的勇气
很多人说普通人试错成本高，但是我想说，赚💰这事错过的代价太大了。一旦你看到机会、抓住红利，大胆去创业还是很有机会的。蕞怕的是，每个赚💰项目你都看见了，但是都没行动。我们要用经济学角度看创业的话，其实做啥事都有风险，区别就是风险的大小。还有，我们本就一无所有，又何惧从头再来？
-
⑤别忘了提升自己
学历不是创业的敲门砖，但学习是。我妈曾对我说：“不吃学习的苦，就要吃自卑的苦。”特别是女生，要保持终身学习的习惯，别沉迷在吃喝玩乐的琐碎事。想学什么就去学什么，努力学习拼命搞钱，追求经济独立和内核完整。
-
想对All女生说：永远相信你自己，你首先是你，才能是别人🧡
#女性成长
  #赚钱  #经验分享  #创业  #女性创业  #创业坦白局  #笔记灵感",5513
创业,年轻人做生意，一定要注意这些坑,"年轻人去做生意，不要去做什么高大上的生意。
1，比如什么咖啡馆啊、什么清酒吧啊、什么服装店啊。这些，都不要去做。不要拿你的审美去用金钱试市场，因为你的审美再高级，你赚不到钱，那你也高级不到哪里去。因为做生意的目的就是为了赚钱的。
2，你不是为了做慈善的，你不是为了做给别人看的——你不是在朋友圈里发个你店里的照片装比的——你不是为你的朋友圈里的人服务的，你是要做陌生人的生意的，你不是要去做熟人的生意的。你是为了赚money的。
3，你的高大上就只能证明你是个爱装比的人。除此之外我不觉得这个有多大的商业价值。投资个几10万去搞个门店，让自己的门店很高大上。有什么意义呢？不要去听抖y里所谓的创业导师跟你说的那套——那些根本就不适合年轻的人玩的。
4，年轻人 就是得去做小成本投入的生意，比如做个街边摊关东煮都可以。至少不到1万就可以搞定你的车子啊，什么食材啊都可以。至少是可以控制自己的成本的，而不是一下投入个几10万进去。
5，最好就是做吃的，因为吃的回购率高，吃的人也多。东西不至于卖不出去。即使是卖不出去，你自己也可以消化掉。
6，我之前看一个人去做什么卖衣服的，虽然是在街边卖，但是衣服这东西，有的是。电商三大平台，这些有的是便宜的衣服，几10块钱都可以买得到。很显然，受众是很少的。而且这衣服要是积压了，那就是钱。
7，吃才是人生第一大事，大部分人不会在吃的事情上讲价。一个关东煮卖你10块钱，你觉得很便宜。——因为是吃的，吃到就是赚到。而你用的东西，说实话 ，哪怕你的成本很低，但是你卖不出去多少啊。
8，何况吃的是男女老少通吃的，各个年龄段的都有。何况现在的年轻人，压力大，吃东西可以缓解下他们的压力。
9，创业就是得吃苦，不吃苦不行。不吃苦，你总想着投机。就像我之前看到的那个女生一样，都不舍得买2块钱的水喝。这就是吃过苦的人才会有的体验。当你没有吃过苦，那你买个10块钱的水，你都觉得这个水是不是不好喝——下次就买20块钱喜茶了。#思维格局
 #老板思维 #商业 #商业模式 #思维 #360行创业访谈 #创业思维 #商业思维 #认知思维 #认知",4701
跨境电商,聊聊那些闷声发大财的副业2⃣️跨境电商,"跨境电商在前2年吃尽红利，2022年国外线下消费恢复，加之高通胀、经济萧条，卖家和平台都很不好过。问题来了，现在上车跨境电商还来得及吗？个人创业还能做跨境电商吗？
·
先说答案，细分品类仍有机会，但对选品和精细化运营能力的要求提高了，无脑铺货模式基本走不通。
开始做之前，需要想清楚4个问题：

1⃣️ 做独立站还是平台模式？
🔹定义：1)独立站是指建立品牌专属网站，通过IG、TikTok等引流获客，并在网站上成交的模式。2)平台模式就是在亚马逊、eBay等电商平台开店，简单类比国内橙色软件或PXX卖家
🔹结论：个人轻创业还是以平台模式为主。独立站需要投放、建站等大量前期投入，适合团队作战或有稳定供货/有经验的个人，0经验个人做基本亏得很惨（别问我怎么知道）

2⃣️ 跨境电商选哪个平台？
🔹亚马逊 / 速卖通：2个成熟跨境平台，覆盖200+市场，欧美为主，因为通胀+能源危机，2022表现惨淡。现在主推品牌卖家，运营门槛高，新手不友好
🔹Shopee / Lazada：主营东南亚市场，潜力大，但价格卷，利润有限，需要通过”店铺定位+精细化运营“闯出一条血路。门槛低，新手可尝试
🔹TikTok Shop: 抖音海外版TikTok旗下电商平台，已经开通英国+东南亚市场，内容电商为主。TikTok Shop今年风很大，内容把控能力强的大佬可尝试
🔹Temu：PXX卷到美国去了! 适合有成熟供应链的工厂卖家，个人基本没戏

3⃣️ 个人模式的跨境电商，投入和利润情况如何？
🔹入门投入不超过3w
🔹新手村每天3-5小时，持续3-6个月，熟练后每天1-3小时即可
🔹走出新手期后，能达到每月5k-10k利润

❗️避坑：做好调研工作再申请开店，新店前3-6个月有扶持，根据表现决定后面的资源分配（流量补贴等）。如果开店后没精力运营，相当于玩废了一个号
‼️ 再避坑：大佬忙着发财，出来卖课的🈹️韭菜比例极高

4⃣️ 还有个重量级问题，卖什么品类？如何选品？
篇幅有限，下篇接着聊：货从哪来？选品看哪些指标？如何有效测款？
·
副业系列，上篇已分享自媒体，后面聊聊跨境电商2.0、自由译者，欢迎关注不迷路~
#工作使我快乐
 #自由职业 #副业 #那些赚钱的副业 #跨境电商 #搞钱 ",9741
跨境电商,一个人在家做跨境电商，选品就靠这6个网站,"做跨境电商选品，
别就总是盯着1xx8、aliexpress
或者跟着竞对p股后面跑。
那样子你只能喝点残羹冷炙。
-
作为在跨境电商混了十年，单月做过500万美元的跨境老兵，
给你tui荐6个靠谱的网站，
作为你的选品灵感库！
-
✅ Firebox：打开新奇特的大门
Firebox是一个多元化的产品灵感库，
它提供各种类目的独特和有趣的产品。
你可以获取到各种创意产品的灵感，
❗️特别适合一个人或者小团队卖家❗️
毕竟如果正面干不过大卖，
可以弯道超车走新奇特产品路线啊！
而且这些产品天生社交媒体友好，
发在tk、ins、youtube shorts上，
很容易爆。
免费流量不香么？
-
✅ Etsy：宝藏网站
Etsy是手工艺品的天堂，这里的手工类目非常火爆（还不便宜）
你可以找到符合当前流行趋势的产品，
而且不仅限于手工艺品，
❗️家居、时尚、li物❗️
都是etsy的看家类目。
要不是这个网站对资质要求极高，
我真的会tui荐你直接做这个网站。
-
✅ zhong筹网站：白piao有市场的新产品
请使用这个组合：
❗️Kickstarter、Indiegogo、GoFundMe + FB/Ali搜索❗️
这些zhong筹平台上，你可以发现正在兴起的新产品，
毕竟金钱不会撒谎。
然后通过Facebook和速卖通搜索看是否有类似产品和广告，
从而推测能不能做。
-
✅ 达人tui荐：跟着外国的李jq、小yg不会错
请使用这个组合：
❗️YouTube达人tui荐 + FB搜索❗️
YouTube上的达人tui荐是获取产品灵感的好去处。
你可以找到相关博主，随时跟进他们在推些什么产品。
通过观察达人tui荐的产品和相关广告，
你可以筛选出有潜力的爆品。
如果你能在前期就吃到一个大爆款，那基本大半年无忧了。
-
✅ Wirecutter：专业评测的指南针
上篇帖子中提到过，
Wirecutter专注于
❗️电子、家居、儿童等类目的专业评测❗️
为你提供市场上受欢迎和高质量的产品，
以及可靠的参考。
-
✅ GearHungry：多元测评的宝库
GearHungry覆盖家居、服饰、户外装备、科技类、健身等多个领域的产品测评。
它能为你的选品提供了quan方位的视角和深度分析。
而且还把用户需求、卖点、痛点、优劣势都分析清楚。
❗️选品+文案一次搞定❗️
-
我是做跨境电商10年，
单月做过500万💰的跨境老兵苏墨。
更多亲身经验心得，guan注我👍👀
#跨境电商",4283
跨境电商,无经验转跨境|跨境电商面试攻略,"后台好多姐妹在咨询跨境电商如何写简历
无经验怎么入行，下面都是基础的跨境电商的面试问答，可以照抄哦。
❶为什么要选择跨境电商？
首先这个行业是一个朝阳行业，我也对跨境电商很感兴趣。
其次欧美市场相对来说比较规范，一个比较健康的市场环境。我相信我可以用认真负责的态度，熟悉每个平台的规则，管好自己的链接和店铺，为公司带来更大的价值和利益。
-
❷你认为跨境电商运营的本质是什么？我认为跨境电商的本质是对跨境电商店铺的管理和运营。同时也相当于一个跨境电商的销售，负责店铺的业绩。
要有细心、耐心、责任感，及时发现运营期间出现的问题并调整。
-
❸跨境电商和外贸的区别
都是跨国贸易的一种，形势有一些差别。
外贸一般都是B2B的模式，跨境电商是B2C或C2C模式，两者售卖的产品也有不同，外贸公司大多售卖大宗货物，而跨境电商售售卖小商品。
-
下期更新更多的跨境电商面试内容和技巧，轻松拿下offer！#应届生找工作
 #小红薯成长助手 #跨境电商 #亚马逊跨境电商 #电商 #电商干货 #电商运营",1786
跨境电商,今年是跨境电商4.0版本,"今年是跨境电商4.0版本
此版本特色：
平台方面：
1.亚马受巨大冲击。新卖家要求更高，风险更高，成本更高。几乎高到所有刚入行的卖家没有一个能存活。
2.老卖家想尽办法开拓新渠道，重点拓展本土平台，批发平台和托管平台
3.独立站，小卖家做不起来的，不是自媒达人的话，广告费撑不住
4.速卖通，虾皮，ebay等市场进一步下滑，维持不住，
5.temu如无意外，上线周年能破百亿美金gmv，吞掉的是至少亚马逊300-500亿gmv
6.目前卖家将不得不做全托管，就算再看不上也好过被抛弃。目前都是一边骂一边抢发货仓位，卖家不会听那些吐槽贴的鬼话就放弃，算完账以后都会加大投入继续做的
产品方面
1.新卖家几乎没有选品空间，都要被迫做私模或私版，考验新卖家对工厂和产品熟悉程度
2.亚马逊低价位即便私模，新卖家也很难做。广告词和评价积累受限，低价位没有试错空间
3.全托管做低成本，电商平台做高价，相互配合才是活路
4.要学会或者选取不投广告或广告占比小的产品，这已经成为生命线。
市场：
1.美元加息周期今年不会结束，消费市场抑制严重，欧美都不会刺激消费，市场也会偏爱低价。所有说欧美客户不在意价格的，都当培训讲师处理。但凡做过运营实操对比过数据的，讲不出来这种话。
2.多数平台受冲击，包括亚马逊出价格补贴自己新的轻小物流计划，都是进一步打击价格，市场价格继续下滑
3.明年降息周期，俄乌结束战争，消费会回暖，运费和其他成本会降低，具体看明年年初情况
4.中东市场会有进步，市场环境稳定这些年，平台也开过去了，但目前产品都要重新开发，大多类目不适配
5.欧洲依旧会是坑，要很小心
方向大于努力，共勉",1618
跨境电商,奉劝大家千万别来做跨境电商shopee虾皮❗️,"作为一个5年的虾皮平台混子，我告诉你⬇️

✅缺点你觉得Shopee很好做，随便一个小白进来就能赚钱，那你千万别做Shopee电商，好好做你的老本行。

✅优点就是前提是你足够专业，足够用心，也能做的很好。

✅经常有人问我现在都2023年，还值不值得做跨境电商Shopee

⬇️下面就我个人看法而言写的一段话，希望对那些正在纠结的人有一些帮助。

✅我记得我是2019年过完年，刚好结束2018年的马来西亚留学回到自己的国家，刚好知道在马来经常使用Shopee平台购物，在自己的国家也了解到Shopee在国内也掀起一波东南亚跨境电商浪潮。刚好结束自己的学业，也要找一份事业做做，自己的专业未来太过渺茫，果断放弃投入跨境电商行业，加上我对国外市场熟悉。

✅而且现在正值快速发展期，联想到当年的桃宝，觉得这是一个不错的机会，现在进去这个平台的话说不定可以分到一波红利，套用雷军的话：“站在风口上，猪都可以飞上天”。

✅熟悉归熟悉单没用，入行可没那么简单的事情，我放下清零的心态去去学习，所以在我广东这边找到一家跨境电商Shopee的公司去学习，不过哦，我也比较狗，没打算在这家公司长期干下去，偷师学艺，偷完就跑路，另外我一边注册自己的公司，哈哈，是不是很狗。

😄想法很好，现实很残酷。

✅其实在公司学习这期间，然而并没有学到什么有用的东西，为什么呢？说实话老板很抠，自认为自己有产品资源就让我们无脑铺货，但是就效果而言基本出单随缘，稍微好一点的店铺可能一天有个5-6单的，但是利润奇低，当时我就跟主管提出质疑觉得这样不行，是否可以跟老板申请一些经费做推广，主管来了一句：“你上产品就对了，数量多了总会出个小爆款的”。。。。。。
😮‍💨我彻底无语了。。。。

#跨境电商
 #虾皮跨境电商 #电商创业 #跨境电商虾皮shoppe #shopee #跨境电商 #电商运营干货 #亚马逊 #亚马逊运营 #电商运营 #不懂就问有问必答 #笔记灵感",725
抖音,抖音引流大法，让你的粉丝翻倍增长！,"在这个短视频风靡的时代，抖音已经成为了众多企业和个人品牌的重要营销工具。那么，如何利用抖音吸引更多的粉丝，实现引流呢？本文将为你揭秘抖音引流的五大秘籍，让你的粉丝翻倍增长！
        首先，要想在抖音上获得更多的流量，你需要深入了解抖音的平台规则和推荐算法。抖音的推荐系统会根据用户的兴趣和行为，为用户推荐他们可能感兴趣的内容。因此，要想吸引用户关注你的账号，你需要制作出高质量、有趣、有创意的短视频内容。同时，你还需要注意以下几点：
        保持视频时长在15秒到60秒之间，避免过长或过短的视频；
        使用热门话题和标签，提高视频的曝光率；
        保持视频画质和音质的清晰，避免模糊不清的画面；
        适当运用特效和滤镜，增加视频的趣味性。
        除了制作高质量的短视频内容外，与粉丝互动也是提高粉丝黏性的关键。你可以通过以下几种方式与粉丝互动：
        回复评论：当粉丝在你的视频下留言时，尽量回复他们的评论，让他们感受到你的关注和重视；
        举办活动：可以定期举办一些有趣的互动活动，如抽奖、答题等，吸引粉丝参与；
        发布福利：为粉丝提供一些独家福利，如优惠券、免费试用等，提高粉丝的忠诚度。
        与其他抖音账号合作或者进行互推，也是一种有效的引流方法。你可以寻找与你内容相近的抖音账号，进行合作或者互推。这样既可以互相推广各自的账号，还可以吸引更多的粉丝关注。
        除了抖音本身，你还可以利用其他社交媒体平台进行引流。例如，你可以在微博、微信、QQ空间等平台上发布你的抖音视频链接，吸引更多的粉丝关注你的抖音账号。同时，你还可以在这些平台上分享你的抖音动态，让更多的人了解你在抖音上的活动。
        总之，要想在抖音上实现引流，你需要深入了解抖音的平台规则和推荐算法，制作出高质量、有趣、有创意的短视频内容；同时，与粉丝保持良好的互动关系，提高粉丝黏性；此外，还可以通过合作与互推等方式扩大自己的影响力；最后，利用其他社交媒体平台进行引流，让更多的人了解你的抖音账号。只有这样，你才能在抖音上实现引流的目标，让你的粉丝翻倍增长！",85
抖音,全是干货！抖音运营知识分享,"🔥 抖音运营精要指南
1️⃣ 账号布局策略 📊
个人号和企业号布局
避免混乱和迷茫
提前规划，确保清晰一致
2️⃣ 抖音规则掌握 📜
了解并遵守平台规则
避免违规操作
保障账户安全和内容合规
3️⃣ 抖音养号技巧 🌱
提高账号权重
增强认知能力
获取更多流量
4️⃣ 发布策略精细化 📝
注重发布细节
影响作品表现
提高热门机率
5️⃣ 同行关注与学习 👀
观察并学习同行
调整自己的策略
减少弯路和违规
6️⃣ 粉丝运营与互动 💬
维护粉丝关系
增加互动和活跃度
建立忠实粉丝群体
7️⃣ 素材收集技巧 📚
掌握素材搜集方法
创造丰富的内容库
任何细节都可成为素材
8️⃣ 创作内容核心 ✍️
内容为王的原则
坚持内容质量
不走捷径，稳定发展
9️⃣ 视频制作效率 🎥
手机剪辑的便利性
提高制作效率
同时运营多个账号
🔟 账号定位明确 🎯
注册后即定位
找到创作切入点
适合个人和企业号",301
抖音,做抖🎵的误区有哪3点❓,"笫一：认为做抖🎵很难做，抖🎵真的不难，因为难的话，那你这个就是本质上的错误，它是一个基本工具。
第二：粉丝做的很多才能赚钱，所以不要认为这个粉丝多才有用啊。还有就是有些人说我先积累粉丝，我再想变现，那这个也是个扯淡的事儿。你如果没有很好的规划的话，给你一百万粉丝，你也没用，也赚不到钱。很多大v赚不到钱，所以才停更的，停更的都是赚不到钱的，做抖🎵你不能从流量本身出发，应该从什么出发呢？应该从自己这个商品出发，从商品出发倒推需要什么样的内容，你不能一上来，你说我先做流量。
第三：最大的误区就是：你想做抖🎵就拼命的关注了很多做ip的号，然后拼命的学，每一个你都觉得有道理，可是学杂了，学杂了是不行的啊，一个老师一套方法，谁的最好呢？谁的都好，你一个这个特别务虚的人呢，那你就去关注一下务虚的账号。对啊，你想学骗了，你就找那种教你怎么骗的那种账号，对不对？你想实实在在的卖货呢，实实在在的做一个ip卖货，那你就得关注“薛辉小情新”肯定是错不了",106
抖音,没规划就不要做自媒体了！,"最近有很多姐妹想做利用下班时间自媒体博主，但又不知道该如何开始？不知道怎么写脚本。今天在这里我就把我学到的自媒体规划分享给大家！赶紧收好哦
制定内容规划：
首先选择适合自己的赛道，你可以根据自己的兴趣和擅长的方向，选择最适合自己的领域来创作，比较热门的有vlog、美食、知识、家居、穿搭、美妆等。
撰写视频脚本：
优质视频的核心就是优质脚本，需要提前构思号脚本内容。其次准备好拍摄设备、搭建场景等，每个环节都关
乎着视频制作流程能否顺利推进。
拍摄视频技巧：
在拍摄时注意切换拍摄角度、抓住画面亮点、选择最合适的景别等。
后期剪辑技巧：
剪辑技巧有很多可以选择的软件和不同类型的技巧，可以去剪映上先学习一些常见的剪辑技巧，井运用在视频中，一般视频用剪映足够，如果比较复杂的可以选择pr.",1731
自媒体,你适合做什么自媒体博主‼️真的不难啊,"🙌🏻大家好！
有没有想要在10-12月份一起做自媒体博主的小伙伴呀~
·
👉🏻我整理了一份“1个月做自媒体博主计划”，如果你是一名新手小白，想要从头尝试做自媒体，但是又发愁不知道如何下手那么可以仔细看看这些要点噢~
⭐从定位，到账号搭建、对标分析、脚本和剪辑等要点，我都整理出来了，大家可以有目的的进行学习！
·
明确赛道定位
做好内容定位是很关键的一点，你可以选择一个符合自己的他额点和爱好的细分领域作为赛道，这样才能坚持下去。
脚本内容创作
拍短视频进行脚本内容创作也是很重要的，提前构思脚本内容可以提高拍摄效率和质量，剪辑时也更有条理。
拍摄流程
新手一开始拍摄视频可以参考时间线或叙事线拍摄。
后期剪辑
根据自己的剪辑需求选择一款趁手的剪辑软件，多了解剪辑技巧和剪辑流程。
发布时间
每个赛道的目标人群活跃度是不同的，可以参考一下黄金发布时间，但还是要根据自己的情况调整噢~",16000
自媒体,"研究生从0自学自媒体100天-Day1
","坦白局：
今天是自学自媒体的第1天，
目前粉丝201，无涨粉
从0自学100天，看粉丝能涨到多少
相信不少小伙伴对于自媒体早都跃跃欲试，但是往往在第一步就被难倒了
第一步毋庸置疑就是选择适合自己的赛道
我是两天就确定了自己的赛道
在这里分享选择赛道之前要掌握的事（准备阶段）
1.热门的赛道有哪几大类（例如美妆、穿搭、护肤、母婴、家居、好物分享）
2.哪些赛道好变现（如美妆、穿搭、母婴、护肤等）
3.各个赛道所花的时间？自己能拿出多少时间？（如vlog相对费时，同时需要掌握拍摄及剪辑技巧，plog需要修图、构图审美在线）
4.想清楚自己想做什么，能做什么？
想做什么是兴趣，快速找到自己兴趣的技巧：打开你各平台的收藏，找出收藏最多的内容基本确定那就是你的兴趣所在
能做什么是能力，就是你目前掌握的技能，或者你学习后可以掌握的技能
5.你能给别人提供什么价值？（与众不同的价值）
这个要结合你自身特长或者独特的标签来确定（例如会摄影可以分享摄影调色技巧、读书多分享治愈的句子、会穿搭分享穿搭等）
选定赛道之后要干什么呢？我们下期聊
重点：选对赛道并且坚持下去
从0自学自媒体的第1天，一起加油鸭！",36
自媒体,自媒体风口！！听进去的年底换套房！！,"听劝贴👂听人劝，吃饱饭！🍚
之前和很多博主沟通过，真诚建议想要从事自媒体的姐妹们，不要再做美妆、时尚赛道了，太卷了🌪️🥹如果一定要做的话，可以考虑开设多个账号。今日重点来了，新人都去尝试以下四个领域，真的很赚💰

1⃣️女性成长领域 👩
在小红书上，女性用户非常多，而且永远不缺话题。女性成长类的话题一直很受欢迎，吸引的都是高质量用户，购买力强，变现也很容易🤩

🤖具体细分领域：
🌟自律方向：大部分女性对自己要求很高，不仅包括作息规律，还可以是自律学习、阅读、保持身材，创业搞money等等🤐

🌟情感方向：很多女性用户希望找到情绪上的共鸣，比如亲密关系、友情、情感指导等等，做粉丝的电子姐妹，后期也很容易变现💰

2⃣️养生领域 👀
只要人活着就离不开的话题，年轻人生活压力大，熬夜、脱发、身体不适是常态。老年人更不用说，上了年纪百病丛生。所以这个领域市场规模巨大，未来可期👾

🤖具体细分领域：
🌟养生科普：可以分享养生经验和科普养生知识，这个建议有一定专业知识的姐妹来做。

🌟食补养生：可以按照节气做食谱。比如针对女生改善气色，提高精气神等，还可以针对老人、孕妇、孩子做食谱，真的不愁没有话题🧚‍♂️

🌟读书领域
身边很多人做读书博主，赚钱能力也很强。可以做读书营、写作训练营，表达训练营等等📖

3⃣️运动减fei领域
无论男女，减fei保持身材都是永恒话题，而且用户数量庞大，很容易吸粉🕶️

🤖具体细分领域：
🌟运动跟练：可以直播带用户一起锻炼，也可以分享平时的运动视频。简单省时，还可以带货瑜伽垫、跳绳、运动装等等，还有打卡训练营。

🌟经验分享类：有减fei经验的可以分享一下，一定要让用户看到你减fei前后的对比，才会产生信任感。没有经验的也别怕，可以做挑战系列。
非常火的《听劝》系列，只有前后体型有明显改善的，才能真的吸引到粉丝的👻

姐妹们，如果你开始布局你的2024年，请考虑一下做小红书，真的太适合女孩子了~",423
自媒体,普通人做自媒体，真的挺难的...,"去年3月开始做小🍠，到现在已经快一年了。

说成功吧，并没有持续变现，累计收入也就2000块，现在也处于断更阶段。

说失败吧，粉丝也有2000+，坚持更新了150多篇笔记，出了十多篇爆款，这其实已经是很多人羡慕的成果了。

但只有我自己知道，自媒体这条路，真的不适合普通人！我将这一年的经验总结下来，希望能帮到你们：

1⃣️如果你目前的工作，能带给你持续的成长和收益，那么专注工作、努力升职加薪比盲目辞职做媒体靠谱，更不要将大多数精力投入这上面，真的会得不偿失。

我起初做自媒体，是因为在工作中看不到任何希望，想在空余时间搞点小💰，但事实并没有达到自己的预期，所以千万不要高估自己的能力，平台是很卷的。

2⃣️没有天赋可以做自媒体吗？当然可以！但这个前提是：你必须沉下心来去研究平台、研究自己，不断学习，以及有很强的执行力。

3⃣️定位真的很重要，我之所以没有做起来，就是因为我到现在都没有明确的定位，这导致我无法持续的产出内容。

我刚开始做的是情感、观点类，但被系统提示创作手法单一，于是我改变内容，做优秀账号拆解，更新5篇后效果不佳，我又一次陷入了迷茫...

4⃣️如果你打算长久运营，打造个人IP，zui好不要接图文直发的广子，这会影响你的账号，也不利于后期转换赛道。

5⃣️不要有流量焦虑，坚持更新和复盘，多研究优秀账号和爆款笔记，在努力中一点点进步。

6⃣️如果你不知道做什么内容，选择什么赛道，可以从自身的专业、优势、特长出发，找到自己“擅长的事”或者“感兴趣的事”，这是做内容的基础。

✍🏻我的账号可能短期内都不会更新了，我想停下来好好思考，想想自己做这件事的初心。希望大家都加油吧，相信努力一定会有收获~",1200
自媒体,素人一年多从0到16万粉，总结出的自媒体捷径,"一个人，没有任何团队，从不懂运营到用1年多时间16万粉，多赚50W，工作上经常加班，闲暇时间都用来写笔记，很忙和充实，也感受到平台的变化推着我们前进。最近和很多朋友聊天，他们其实都有一颗想做博主的心，但始终不知道如何切入，今天是我总结的4条捷径：
·
❶找准人设，利用差异化出圈
缺点不是弱点，缺点是共鸣点。不完美的才是普通人，你一直独居就拍独居vlog；考研失败就总结失败经验；上班很烦躁就记录打工人暴躁上班记；身体很差就开始打卡健身。不是岁月静好才是大家羡慕的，这个时代已经有太多让人焦虑的东西了，有时候看见真实的对方，了解原来也有和我一样的人，才是真正的治愈。
·
❷内容服务很重要，但不要丧失你的表达欲
做自媒体不能想发什么就发什么，要为算法考虑，但也不要做“没有情感”的内容，这样的笔记：50个纪录片/100本必看历史书，它们总会让人忍不住收藏，但你会想知道是谁写的吗？作者真的都看过吗？很多老师说你可以做合集，我想说不要，它不利于你长期的发展，活在没有自我的账号里，你是很难坚持下去的，不要陷入只看数据的自我感动中，所以，思考一下，你的人设和经验是什么？
·
❸自媒体成功=好内容+勤更新+善复盘
好内容很简单，勤更新的底层是「控制成本」，把产出一篇笔记的成本降到最低，需要把流程SOP化，把选题—大纲—脚本—拍摄—剪辑—发布—复盘的7个模块固定下来，梳理一个你自己的知识体系，只做不沉淀的效率是很低的。同时要不断复盘改进，评估这几个要素：
▲人均观看时长：即完播率，越高越好，低的话多加注意力钩子
▿涨粉数：赞藏：涨粉=10:1以上，别做只有数据不涨粉的内容
▲分享数：数据好的重要权重，证明你的笔记很多人喜欢
▿点击率：如果低要提升标题和封面的能力，抓住痛点、需求点
·
❹推荐一些笔记运营工具
作图：醒图/黄油/美图/稿定设计（常用前2❗️）
剪辑：剪映/度咔
运营：千瓜/灰豚/零克查词（常用第2）
脚本：NotionAI/百度AI
知识体系：飞书/语雀，分类建立知识库
尺寸：3:4竖屏，16:9横屏
.
我常说：互联网极大地拓宽了职业空间，大多数人还没有清晰地认识到这一点。",11000
副业,性格内向的女生一定要做的3个副业🔥🔥,"🍊嗨，宝子们，我是橘子巧克力！！
-
🍊我自己尝试过很多副业
在朋友圈卖衣服，在咸 🐟卖水果，还有就是摆地摊。
-
🍊但是这些副业都有一个要求——性格外向
说不好听一些就是“脸皮要厚”
-
🍊我自己本身是一个性格很内向的人
除非别人真的有需要主动向我gou买
不然我不好意思主动和别人介绍。
-
🍊所以，我之前做的这些事都无疾而终。
-
🍊后来，在一次偶然中，我发现写作可以赚money
而且我不用面对面地和别人交流
只要有人喜欢我的文字
我就可以有收入
-
🍊以上3个就是我这2年做过的副业
虽然还没有让我大富大贵
但至少每天奶茶自由是可以的
-
🍊然后借用《小狗钱钱》中的一句话，和大家共勉：
“达瑞在获得成功的路上，蕞关键、蕞重要的因素是自信和实践”
-
🍊如果对以上3个副业有问题的宝子可以在评论区交流哟！",30000
副业,女生就要狠狠搞💰6种副业一起闷声做富,"我是小萌，90后二胎宝妈，也是一位月入五位数的剧本编剧！

生过二胎之后，我又坚持上了半年班，想要靠自己努力去赚钱。


但小宝太小，大宝的成绩也需要人辅导，而职场却不会给你任何空间，


让你有时间、有精力去照顾到家里。


最后，权衡利弊之下，我只能辞职在家，专心做了全职宝妈。


但宝妈是没有钱的，钱在家庭中，常常被当做是衡量一个人价值的标准。


于是，我就开启了副业生活，开始了写作生活，让自己全职在家，也不会因为钱而没有安全感。


这几种副业都是我做过并且赚到钱的，你也可以。
自媒体写作

投稿写作
工号助理、群运营
视频剪辑
制作表情包
照片


当你被别人认为没有价值的时候，你所有的功劳、苦劳都等于0,

我过去常常因此而痛苦，为什么我做了那么多事，付出了那么多，


在别人眼里，我依然是家里最懒最享福的人呢？


不过，痛苦并没有让我自暴自弃，我很努力的在寻找着自身的平衡，也在寻找着能够让我赚到钱的方法。


想要赚钱，并不是不认可自己的价值，而是想要让自己在价值之上，增添一份安全感。#",2311
副业,救命🆘我真的很会做副业‼️,"作为一个25岁，有两份副业，每个月副业可以有五位数的人，真的太想给大家聊聊这个话题了。我的副业主要是这两个：1⃣️PPT设计：一份PPT100～300，月均3-6k  2⃣️🍠职场博主：一年时间两万多粉丝，一条🪧报价四位数。我想说，我真的很会做副业‼️
·
特别是在现在市场环境非常不好的情况下，我真的很建议大家去尝试副业。之前陆续给大家分享了很多副业的经验，不少小伙伴都很关心，要怎么做才能找到适合自己的副业呢❓今天我给大家整理出来了：
·
1⃣️明确目的：考虑变现，❌理想主义
我真的建议大家在开始选择副业渠道时，一定不要太理想化，先考虑市场需求情况，而不是考虑爱好。蕞直接的方法就是先去找个招聘平台🔍在家办公、jian职、副业。先看看市场需求情况，再去匹配有什么是能做的。比如常见的文案写作、PPT制作、新媒体代运营等等这些都是比较常见的副业，先明确市场需要什么，再根据岗位的要求去培养自己的技能。
·
2⃣️合理设定时薪，不当廉价劳动力
做副业的误区就是把自己做廉价了‼️不知道如何设定时薪的小伙伴，建议参考自己主业的收入水平。举个🌰：月薪一万，按照一天工作8h，一个月工作22天，时薪就是60。那么低于这个收入水平的，尽量不要做。你的时间会比完成当下的副业更值钱，前期如果暂时没有达到这个水平，倒不如先去提升自己的实力，而不是基于把宝贵的时间贱卖出去。
·
3⃣️依托于主业，拓展副业
建议大家在最开始找副业时，可以先思考一下主业带来的技能是否有拓展的空间，这样做起来也相对好上手。比如如果做财务，是否可以利用周末时间去给小公司代账；做人力，是否可以利用下班时间去做就业辅导；语言相关的，是否可以做一些线上翻译的工作……
·
4⃣️学会借助工具
想要高效批量产出的一个技巧就是学会借助工具，努力埋头苦干反而是最不值钱的。不然世界首富就应该是农民伯伯啦！身边就有朋友是文案策划，借助文案工具一次性产出好几篇文章，再根据自己的经验调整卖给品牌公司，大幅缩短了写文案的时间，这样一来时薪也上升了
·
好啦，这就是我做副业的经验，希望可以给大家一些参考哦，我是Stella，希望可以和大家一起变美变富变得更好呀",3916
副业,今日稿费265💰抄影视剧太适合新手了,"今天刷剧，顺手抄了一个剧情，发布后稿费265，抄影视剧真的太适合新手了。
·
❗很多人震惊：抄影视剧也能赚钱？不就娱乐看个剧吗？那真的败给了信息差，跟我看完这篇笔记你就懂了：
·
📝抄什么？
1⃣抄热播剧
🍭每个月都有新上映的电影，电视剧，喜欢哪部就看哪部，看的时候刻意去选择一些精彩的片段，吸引你的片段，然后记录下来写成一篇小故事文，就可以赚钱了。
2⃣抄经典的剧
🍭比如说《唐山大地震》、《抗日战争》题材，蕞容易引发读者情感共鸣的剧，当你去看的时候总有几个片段会深深的触动你，那么你可以把它变成文字，感染更多的人。
3⃣抄自己喜欢看的剧
🍭现在很多人都在某音追剧，其实剪辑好的这些片段都是蕞精彩，蕞吸引人的，可以直接抄片段的内容，发布到平台就可以了。
·
⭕PS：不一定非要看完一整部剧才来抄，电影肯定是看完就可以抄了，电视剧其实每一集都会有一个故事，你只需要把你看剧时，觉得让你气愤、兴奋、超出你意料之外的这个故事记录下来就可以了。
·
🎐如写《谢谢你一生》直接在某音刷剧时，刷到一个片段很吸引我，我就直接梳理了一下 故事情节写就可以了。
📝怎么抄？
·
1⃣爆点前置
先提炼一个80字左右的开头，吸引读者往下读的蕞精彩的部分。可以从7个方向去找：
✅有名人
✅有争议
✅有悬念
✅有反常
✅有反转
✅有冲突
✅有诱惑
·
如：丈夫李江超成为植物人8年了，妻子郝雯不离不弃照顾陪伴。一天李江超从床上摔下受伤，送急诊抢救时，竟然苏醒了。无法言语的李江超跟医生要来手机，用手指颤巍巍写出3个数字：110，惊呆了医生！（反常+悬念+反转）
·
2⃣会讲曲折故事
·
🌈重新梳理看到的影视剧，删除多余的，留下蕞让你情绪波动的情节，比如说：激动的，气愤的，紧张的等等。
🌈整理故事情节，故事要完整，通顺，让人有感觉，按照前后发展顺序来写就可以了。
·
⭕PS：故事不要平淡无奇，要有挫折，比如李江超8年都是植物人，突然醒了就是很反常，醒来竟然是报警，又是反转，就是要这种突发的故事情节。
·
比如，我们看剧时，一个坏人要被抓住又跑了，要抓住又跑了，就能带动我们的情绪。
·
3⃣结尾部分
·
🍬这个故事给你带来什么启发和感悟，发表一下自己的观点，但是要正能量的引导。
.
🍬影视剧真的太多了，每天都刷剧的小伙伴，赶紧行动起来吧。
.
我是三天饿九顿，多平台爆文作者
持续分享写作技巧|方法|干货知识",222
副业,2023年狠狠搞💰，适合女生九种低门槛副业‼️2023年狠狠搞💰，适合女生九种低门槛副业‼,"嗨喽～我是蒋学姐
🌈经常有姐妹给我留言说：
女生做什么副业适合，我一般不会直接回答
需要根据自己的爱好/特长/性格去分析
结合去具体情况，每个人合适的也各不一样
.
🔥但只要你有一技之长，就可以找到合适自己的副业
我自己尝试曾过做服务员、签约作者、自媒体等
确实赚了些💰，也被曾经被v商骗了几千…
真正明白了的道理：技能才是立身之本！
.
结合了我自己的一些经历
分享九种低门槛副业，适合女生、学生党、上班族…
如果你有电脑，一定要赶紧学起来
努力实现经济独立‼️
1️⃣做自媒体
2️⃣制作ppt
3️⃣摘抄
4️⃣写作投稿
5️⃣视频剪辑
6️⃣dy特 效师
7️⃣游戏dai练
8️⃣做表情包
9️⃣萌宠喂养
（具体内容在笔记图片里啦～）
.
📚研究表面只要学满20个小时，就能拥有一项技能
以上9种技能就算你不会，学习一周到一个月也是可以入门的
.
🌟希望我们都能拥有“技能型副业”
获得被动收入：将一份收入，重复卖出去很多次
这才是正确的“副业思维”
不再靠体力活，而靠流量撬动更多机会！
这样即使不能暴富，至少可以实现每天奶茶🥤自由
一起狠狠搞💰，闷声发大财呀～",11000
兼职,北京兼职/窝孬费395已到手，开心,"北漂第二天（周五），在红薯上面搜兼职，意外发现几个兼职的app，果断下载并注册，投了第一条半个小时就有电话回复，随后确认好时间，兼职是周六日两天，工作内容很简单，就是在小演员下场后引领她们去拍照，走路五六十步的样子，其他时间就在图二的小椅子那坐着，玩手机啥的没人管（要不是带了充电器，手机早没电了，墙边角落还有个插头能充电，我觉得很幸运），中午晚上包饭，华莱士的汉堡和鸡肉卷外加可乐，全天矿泉水管够，唯一缺点是时间久，早上7.30到晚上6.30，超过时间15/小时，全天事不多，能坐能玩，加班也是玩手机耗时间。早上7.30到对我很不友好，路程1.5小时，五点半就得起，早餐就两片面包凑合吧，两天结束工资立马到
最后两天地铁14+14净赚367还有四顿汉堡，两个月不想吃汉堡可乐了",2206
兼职,打4份工总结出的超全找兼职攻略，请查收！,"家人们，千呼万唤始出来，攻略来啦！

找兼职的渠道的都有哪些？
互联网平台、⭐⭐号、线下店面聊、熟人介绍

都有哪些兼职种类？
餐饮服务员、导购、理货员、清洁工、客服、检票员、特长兼职等等

兼职一天能挣多少钱？
说实话，兼职只能补贴生活，没办法cover生活费，北京的时薪一般在20-27左右，辛苦干一天也就200左右。
各地的时薪不一样，基本根据当地的消费水平定的。

❗❗最后，请注意，所有需要你出钱的兼职都是骗子，兼职基本不会交任何钱，极少部分会压工资，注意保护好个人钱财！！

我觉得兼职的目的不是挣钱， 而是体验不同的人生，度过艰难的时期，拓宽自己的视野。

希望大家都能找到自己舒适的人生状态！",5003
兼职,关于做兼职校对工作的那些事儿,"最近问我们小说校对岗的小红薯宝宝非常多，其实这个岗位很辛苦。我曾在校对稿子的时候想：怎么会有校对这么变态的工作？
虽然大家看到我们的合同一签就是3万5万10万的，但是那是非常巨大的、旁人难以想象的工作量。而且没有试错的机会，因为稿子跑完黑马就会发下来做校对，一周5个工作日要看完100万字的稿子，但是校对费只有两三千块钱，我的同事曾说，她的眼睛都要瞪麻了
说说过来人的感受：
1⃣️大环境下没有哪个行业的钱是好挣的；
2⃣️月入三五万的不是说不是真的，至少不会像几句话说上去那么简单；
3⃣️大家试想一下如果钱真的那么好挣，就不用这么卷了；
4⃣️如果你不是特别专业，特别能吃苦，请不要想着做这个工作，很多人试了半天甚至一部稿子都没看完就放弃了，太耽误事儿了。
",1921
兼职,月入五位数💰｜裸辞后，我有3份工作养活自己,"你好呀，我是清鱼～

去年辞掉月薪2w的工作，做自由职业8个月啦～我再也不挤早晚高峰🚇，也不必再无效社交。睡到自然醒，独自在家工作，偶尔出去走走，挑淡季去旅游，想奶奶了就带上电脑回老家。

目前月收入也达到5位数，足够养活自己～

很多姐妹好奇我是怎么做的，今天分享我裸辞后的工作，以及渠道，希望对你有帮助❤️

🌷我的3份工作：

1⃣️ 独立撰稿
目前我是某百万大号的签约作者，单篇稿费500-1000，也写商业稿，稿费1000-2000。

写作变现门槛其实不高，难的是从低稿费向高稿费的跨越，需要坚持写，阶段性突破。我5年前写一篇文案只有15💰，如今翻了上百倍。

✅写稿渠道：
各招聘软件（🔍线上办公、线上写作 等词）、各大自媒体号、圆领、甜薪工厂、小🐝、云队友

2⃣️ 自媒体
我每天抽出2-3小时做小红书，即将2w粉，4月的单篇报价涨到1800啦，开心❤️

2023年女生做自媒体，我建议做小红书～对素人友好，容易变💰，不需要花太多时间，很多博主都是下班后做的，多一项收入～

✅小红书变💰方式：
入驻蒲公英（ps：目前1000粉就可以开通，去年我是5000才开的😭）

3⃣️ 运营
因为我辞职前就从事新媒体工作，而且自媒体也从0-1起号，成绩被一些公司和小伙伴看到，希望我帮忙运营和解答一些卡点。

适合有一定运营经验的小伙伴。如果没经验，可以找份运营相关工作，或者做自媒体，积攒运营案例吧～

✅收入渠道：
在招聘软件投递简历，和人事沟通能否远程办公；做自媒体，展示技能安心等待。

🌷今日小记：
马上过27岁生日啦🎂，以前都是在公司加班度过，今年认认真真给自己在D物上挑选了一个包包，好划算，而且有专业jian别宝真，真的很喜欢💗奖励自己足够努力～

这两月有点累，准备放松下，4月中旬去旅行一周～去沙漠看落日星空、打卡大话西游拍摄地🎬姐妹们等我照片～

我是清鱼🫧🐟
96年北漂姑娘，靠写作实现自由职业
分享：自媒体干货｜写作技巧｜自由职业日常
感谢你能来，期待和你做朋友👭",7390
求职,打破招聘信息差，年未也能接 Offer,"本篇专门针对0-5年工作经验的社招，校招需要攻略可以和我说哦！现在每个平台都推荐各式各样的找工作APP，但是真正最常用的就这几个啦！

①Boss直聘：这是互联网求职专属的APP，我们公司的HR基本上只在这里招聘，回复速度超快！你还可以看看招聘方的活跃信息，判断该公司是否正在招人或者急需招人哦！💼

②智联招聘：非互联网公司或技术类岗位要多关注这个平台，互联网求职也可以看一看哦！🔍💻

③拉勾网：也是互联网求职的APP，但是公司可能比BOSS上边少一些，回复也慢一些。我个人很少用这个APP，不过还是可以一试的哦！🌟🚀

④看准网：想知道哪个公司的评价或者面试经验？直接搜公司名字就可以了！这里还会有基本工资的统计，内容超级真实！🕵️‍♀️💼💰

⑤前程无忧：在我印象里很少有人用这个APP，除了刚出社会的同学。但是也会有一些待遇不错的公司只在这里发招聘信息哦！所以还是值得一看的！👀💼🎉

基本上这5个网站就能囊括所有招聘信息了！还有一些公司会把招聘信息发在公众号、官网、以及业内人都认可的网站上。但是这些基本上回复的速度会比较慢，需要耐心等待哦！😉💪

我是kimi，行业资深猎头，专注简历优化，面试辅导，职业规划，已辅导200+求职者成功上岸。
如果这篇笔记对你有用，一键三连可触发魔法，获取1V1的简历诊断机会，肖肖给你专业简历点评",8721
求职,打破信息差｜如何逼自己一个月拿到offer？,"又到了一年一度的求职旺季“金三银四”
没想到25岁的我打工时长也有三年了
求职真的是一门学问！幸亏有高人指点
才能少走弯路，顺利找到喜欢工作
想到毕业季很多人也开始准备找工作了
今天分享我在求职过程中积攒的几点小tips
让你们都能成功拿到心仪offer
.
🔵找工作也有信息差
如果你不知道自己适合什么工作，又想快速了解一个行业，可以通过「36氪」「发现报告」「艾瑞咨询」等网站，可以查询你想知道的行业发展状况，了解各行业的发展趋势，精准找到潜力公司
.
🔵求职渠道很重要！
找工作一定不要死盯着某个网站，而是要多渠道求职，多看招聘软件上的岗位、社区动态，给自己多个选择
1.常见招聘网站
◼️boss直聘：反馈快，简历直达hr
◻️智联招聘：岗位多，覆盖行业广
◼️脉脉：互联网和大厂居多，内推必看
◻️领英：外企居多
2.媒体类实习：传媒实习僧，传媒圈招聘，传媒实习那些事儿
.
🔵准备高质量作品和简历
没有一份好看的简历作为敲门砖，hr已读不回很正常，特别是转行新媒体运营，多一份作品集成功率更高
1.简历推荐：「超级简历」或者「知页简历」填写完就能自动生成简历
2.新媒体/设计类作品集推荐：「canva」和「稿定设计」有很多高级的作品排版
-
⚠️几个简历注意事项
1.格式一定要整洁
2.贴合岗位JD写
3.经历描述切记不要流水账
不要罗列工作经验和技能，而是要体现你的经历匹配度，要挑选和岗位相关的经历，运用star法则，突出你用什么技能，取得什么样的成果
-
⚠️学生党没实习经历怎么写？
1.教育经历：列出与岗位适配度高的课程。比如我主修的课程中广告学，对于我申请新媒体运营岗位有紧密联系
.
2.实践经历：通过具体社团活动，展示取得什么成就，证明你的工作能力。比如我在宣传部工作，通过编辑公主号，为社团招新引流300+
.
🔵提升面试能力
1.面试准备：多刷面试题库，笔试题库，专项训练，面试攻略，推荐“牛客”app，有很多大佬面试经验和技巧，也有很多求职课程，可以根据自己的求职意向进行挑选
.
2.面试技巧：提前进行网上面试模拟，让自己有心理准备，可以用app“面试有招”，或者小破站搜索“面试视频”
.
✋最后，记得每次面试完记得复盘，看看是否自己经验不多，或者岗位适配度不高，还是面试回答不流畅等等，积累经验，为下一次做准备！",9159
求职,教你避雷垃圾公司,"1、看公司规模：多考虑规模20人以上的。另外工作岗位一句话带过的、强调不要求经验、学历却高薪的慎重思考

2、看工作地点：居民楼慎重思考，避免皮包公司

3、看工商信息：成立日期短可能不太稳定、注册资本低于100万、参保人数0，企查查查到有劳动仲裁的公司慎重思考。

4、试岗期七天不给工资的不要去、不交社保要慎重

5、弹性工作（要慎重考虑，不然上班正常上班，下班有可能弹性上班）

6、单休要慎重，只休一天，没有时间的玩（工资高可以忽略）

7、看HR的态度如何、看直属领导是否懂业务、核实工作内容、问绩效考核标准。

总结：如果实在找不到合适的工作，那么可以忽略以上所有避雷点，先上班赚钱养活自己再考虑其他，要是公司拖欠或者不给工资，就去劳动仲裁~

打工不易，希望大家都能找到喜欢的工作~

注：已有工作，不用喷我，不喜欢看的请绕道

希望对大家能有帮助，避免浪费时间和路费",14000
求职,放心，你不会找不到工作✨,"先简单介绍一下，我的基本情况：
📌我毕业6年，跳槽2次。普通本科毕业进入小公司，从小公司的运营活动，商详啥都干。到进入外企成功转行UI，再到进入互联网大厂转行UX。工资翻5倍，身边的人非常羡慕我。
因为我每次跳槽不光转行成功，还能薪资翻倍。其实我没有什么秘诀，能做到每次转行都涨薪的秘诀就是胆子大。
关于找工作我从来不会被“配得感”绑架，我觉得工作只要自己踮踮脚，努努力都是能够的着，找工作这事儿，只符合岗位要求，就要大胆投递！
-
1⃣️ 大胆投递
在第1次跳槽时，在小公司的我没有觉得自己“能力不够”，“学历不好”。勇敢投递外企，并成功入职，公司同事都是“大厂员工”，“名校留学生”。
第2次跳槽时，我把所有大厂投了个遍，参加了30多场面试，因此拿下3家大厂Offer，入职心仪公司。
有的时候不是我们能力不行，而是先输在了“害怕的情绪上”。
-
2⃣️ 多投递！多投递！
不要只盯着1个招聘软件看。Boss\拉勾\猎聘\智联\前程都用起来，找工作要跟海王一样广撒网。
❇️ 关于不同招聘软件的优劣势，之前也给总结过（图3）。
-
3⃣️ 准备2-3个项目故事
面试前梳理自己的过往经历，然后根据之前梳理的岗位能力，把经历变成故事。准备2-3个和你能力相关的小故事，面试时有画面感的讲出来。这样更有说服力，面试官也不会因为无聊而走神。
❇️ 具体准备故事的方法，我也总结成文章啦（图4）。
-
4⃣ 面试问题复盘
每次面试我都会录音，复盘时发现很多面试的问题是相同的。
那我把这些问题整理出来，提前准备好话术，面试前复习一遍。
面试紧张，回答不上来，一是因为准备不充足，二是因为面的少。
👉 应对方法就是多面试多说，就拿我面试30场的经验来说。面多了，虽然还是紧张，但是能更好的和紧张的情绪共处。说的多了，对于要回答的问题，我倒背如流，自然轻松拿下offer！！
-
找工作其实是一个拼耐力的过程，我们要做的就是关注自己可以掌控的事情（写简历，优化简历，面试复盘）。放弃对不可控结果的恐惧和焦虑。
相信“当你想做某件事的时候，整个宇宙都会过来帮你”💪。",7979
求职,真的奉劝各位姐妹😭看完这篇再去找工作❗,"很多应届生刚入职场，觉得很迷茫，专业不是自己喜欢的，也没有什么特长不知道做什么工作好，更不知道想从事什么行业，没有目标，没有方向，老实说我真的很理解这种急切、焦虑和无助的感觉，因为我自己也经历过。

今天分享几个我自己毕业迷茫期是怎么度过的小经验，给大家参考一下。
✅多看行业研报
⭕对于就业迷茫的的人来说，看行业研报可以快速了解行业趋势，知道哪些行业发展好，行业里的哪些公司是top企业。

✅多找不限专业的岗位
⭕当你找到感兴趣的行业，可以把里面的top公司全部列出来，去他们官网根据你的技能直接sou，比如你会运营，你就sou运营，就会出来跟很多相关的岗位，再找出符合自己要求感兴趣的岗位。
不限专业的岗位：新媒体运营、电商运营、广G投放、活动策划、行政、产品助理、社q运营等可以直接嗖不限专业这四个字。

✅根据自己的经验嗖sou合适岗位
⭕很多三无应届生没有实习经验，但是有社团、班干、竞赛等经验，在校有做过视频剪辑、自媒体运营、活动策划、文案策划等经历，你完全就可以根据自己的经历去找合适的岗位，比如你撰写过爆文，你就sou文案策划，就会出来相关的工作，可以直接投递试试。

✅趁着年轻，疯狂试错
刚毕业试错成本低，如果做3-4年才觉得这个工作不喜欢不适合就太晚了，觉得不合适要快刀斩乱麻，不要怕换工作，趁着年轻，各个行业，干一遍，就不信没有喜欢的！在家里躺着，是想不明白的！

✅找副业自学
⭕如果你现在正在做着你不喜欢的工作，又怕今年裸辞换工作找不到下一家，那么建议现在、立刻、马上开始找一个副业开始做起来，可以从你的技能入手，这些副业可以慢慢转正到你的主业。",18000
心理咨询,有时候，真的不建议去看心理医生,"抱歉，标题党了一下。但随着我积累的个案越多、接待的来访者越来越多样化，我越发觉得“看心理医生+接受治疗”是一把双刃剑⚠️

在正常的心理咨询中，若来访者有自杀意愿、列出了明确的自杀计划，甚至已经做出了自杀尝试，我们是强烈建议甚至要求去看心理医生的，接受专业医生的诊断和治疗。

📚有人可能不了解【心理咨询师】和【心理医生】的区别，觉得两者差不多，其实不然。
👩‍🏫心理咨询师主要存在于高校或企业里，会给来访者做咨询和一些心理疗法，但没有开处方的权限。
👩‍⚕️心理医生指的是专业医院的精神科医生，除了要有心理学背景，还要有医学背景。有开处方的权限，能开药、安排患者住院，或进行一些器质性的治疗。

有的来访者在咨询师的建议下，去医院精神科看了医生，被确诊为抑郁症、焦虑症，或其他心理疾病后，从此就摆烂了，情况更加糟糕了
因为他们会觉得：“没有确诊前，一切都是未知数，我希望和正常人一样，所以我能伪装我很好，能维持正常的生活、学习和工作。但确诊后，我仿佛找到了摆烂的理由。尤其是越来越多人知道我的情况后，比如父母、朋友、老师、领导，我能获得别人的同情或关心。于是我更加变本加厉，不好好工作和学习、做出一些奇怪的举动，甚至自杀或伤害他人。”🥹

鉴于我的几个个案都存在这种情况，所以引发了我去思考这个议题：看心理医生，接受药物治疗的初衷肯定是好的。但心理暗示的作用真的很强大，每个人对此也有不同的认知和态度。
😄有的来访者被确诊后，知道自己是生病了才会这样，有很强的求助求救意愿，所以会积极配合治疗，最终能慢慢好起来。
😖但有的来访者，若不去看医生、不被确诊，可能还能慢慢恢复正常生活，一旦确诊后，就开始给自己找理由去摆烂。就像薛定谔的猫，在你被确诊之前，一切皆有可能，所以还能控制自己去正常生活。确诊对于有的人来说就像被下了重症病危书，他们甚至都不想挣扎了。

心理疾病不等同身体疾病，更隐蔽，也更依靠个人的主观能动性去恢复。所以，究竟是“确诊+治疗”的环节有待改进，还是因为个体差异导致的呢？

一些个人的拙见，欢迎同行或感兴趣的朋友讨论❤️",765
心理咨询,找心理咨询师的经历分享,"我和大家分享一下我找咨询师的经历吧。很多人在后台问我。之前我生活有点变故一直没更新。
我找过几种咨询。
1、大学免费的心理咨询辅导（面询）
2、网络咨询平台的咨询师，我当时选的平台是简单心理（网络咨询）
3、上海三甲医院的精神科的咨询
4、淘宝/大众点评上面找到的咨询机构
5、小红书上面的咨询师
目前我在我稳定在咨询的是淘宝上面找到上海的心理咨询机构的咨询师。

总结一下
其实我这些七七八八找咨询师的经历还挺隐私的。犹豫了很久分享给大家也有点担忧会不会被人认出。但我也希望能给到一直饱受心理压力想去尝试咨询但不敢的朋友一点小小的帮助吧。上一篇发出后我陆陆续续收到蛮多留言想让我跟这部分的。
1️⃣可以勇敢去尝试。如果还在校的学生可以优选学校免费咨询室但是可能一般有时间次数限制，但做好心理准备可能咨询师的质量不一。
2️⃣前期可以多试一试流派。可以看看一些线上心理咨询平台，也可以去看看淘宝大众点评看看当地的有没有人私人的咨询室，还有三甲医院的精神科都可以尝试。重点关注一下咨询师的自我介绍看看和自己想咨询的方向吻合不吻合。推荐一下大侠心理这个公众号可以看看相关的平台测评。但是他推的免费咨询还是慎重一下。
3️⃣咨询师不吻合不要怪罪自己。和找对象一样不合适才是常态。不合适就换下一个。或者自己多看看相关书籍。也不要找超出自己经济负担的咨询。
其他还有什么问题欢迎大家留言。",271
心理咨询,我第一次拨打了24小时免费心理援助热线,"庆幸的是有被开导到❤️

.
一开始小红书上搜了好几个热线电话
有的占线，有的没人接，有的感觉被挂了
就在试最后一个的时候接通了
打的是这个博主@临床心理侯子冲鸭 帖里的电话，电话列表放在第三张图里了，需要可取，最后拨通的是珠海那个

.
打之前只是感觉情绪不好，只是想找人倾诉，抱着可能会得到专业指导的想法
结果打通后竟然说不出话😳
电话的那头耐心等候，没有挂
然后我竟然开始哭了……一边哭一边被引导说话
突然抑制不住的情绪爆发😢
这是我没想到的

.
一开始我以为对方是个大学生志愿者
（可能也真的是）
因为他不怎么说话，一直等我说，等我沉默
后面还是我问的他，有什么要和我说的吗
终于多说了点话，才能听出是专业的

.
最后给到的建议是
🤲🏻
可以选择找一个时间段
每天或者每周
集中把自己纠结的脑子里清不走的想法🤯
罗列出来
好的 不好的 优点 缺点
其他时候该干嘛干嘛
既不压抑想法
也算是在推进解决
你可以试试
👐🏻
听到时，我有被开导到，有被帮助到
今晚就试试，希望能睡个好觉
昨晚就没睡好
.
打这个电话是因为
最近情绪明显比以前低落
感受到自己可能又处于抑郁的边缘
之前通过找朋友、看书、运动自救成功过
（学尤克里里，然后分享给大家也是那个时候，后面中断了也是那个时候）
但这次的情绪问题和上一次不同
很难和朋友说明白
而看书和运动我都提不起精神去做
于是我选择了打心理援助热线

.
🫡大家有察觉自己情绪不对时也要记得及时自救呀~
有情绪是很正常的事情
心理咨询也是很正常的事情
就像是感冒了，感觉自己好不了所以找医生是一样的",1090
心理咨询,第一次做线上心理咨询的感受！！！,"最严重的时候整夜整夜焦虑，失眠、脆弱，敏感，一个人躲在房间哭泣，对未来的恐惧，在人前装作嘻嘻哈哈的样子，不让家人担心，对现状的不满意，想改
变，都是空想、陷入一种悲观情绪里中走不出来。

因为之前没做过咨询有些抗拒线下面对面的那种，想先试试线上的，就在网上找了两个心理咨询老师聊了，都觉得很不靠谱，一点用没有。

最后朋友给推荐了一个老师。也观望了很久，始终没有下决心，反复恶循环。契机是又一次无缘无故的哭泣，边哭边和老师预约线上咨询时间。一边难受一边吐槽价格。

咨询前:其实看了网上一些被坑的分享，也是抱着怀疑的心态去的。

咨询期间:老师要了解一些基本情况，听着自己的抽泣带哭腔的倾诉，用一问一答方式，把我思维从感性情绪中渐渐抽离出来，之后针对本人的情绪、经历、性格缺陷、原生家庭进行分析。

老师逻辑清晰、分析合理，很准确的说出自己都不知道自己的缺点和一些建议。我思路理顺了，开始觉得自己也没有那么糟糕。

咨询后:电话通完，脑海都是老师对自己的分析，之后整理了笔记，偶尔翻出来看，遇到心情不好。会学着去认识自己，分析自己，听从自己的内心，提醒自己性格缺陷中存在的问题。一下子改变自己，是不可能的。

只有从心底里认识自己，自己的缺陷，不自信，接纳自己的不完美，意识改变了，反作用于行动，行动才是最重要的。

或者需要一个理智的人来认可你，相信你，教你用另一个视角来看待自己。

目前也有想做长期线下咨询的打算，感觉线下会比线上效果更好一些。但是看了很多姐妹的分享感觉这行还是水很深，找个靠谱的适合自己的不容易，所以现在还在犹豫中，等我后续去做线下咨询了也
说点什么...",590
心理咨询,到底要选心理咨询，还是去医院看心理科？,"在我们的生活中，可能会遇到一些使我们心烦意乱或者困扰不安的问题。
对于这些问题，我们可以选择心理咨询或者去医院看心理科。
那么，什么时候选择哪一种呢？
❤️ 看心理科：如果你的情况严重到影响了日常生活。例如，你已经无法正常工作或学习，你有zc或者zs的想法，或者你的情绪或者行为有显著的改变（比如严重的抑郁、焦虑、妄想或幻觉等），那么你应该去医院的心理科寻求专业医师的帮助。
这些可能是心理疾病的症状，需要医生进行评估和治疗。
医生可能会采用药物治疗、心理治疗或者两者结合的方式来帮助你。
❤️进行心理咨询：如果你在面临生活压力、人际关系困扰、职业发展困惑、自我成长等问题时感到困惑；
或者你希望更好地了解自己，那么可以寻求心理咨询师的帮助。
心理咨询师可以帮助你理解和处理这些问题，提供新的视角和解决方案，提升自我意识和生活质量。
总的来说，如果你的情况严重到影响了日常生活，你应该去医院🏥看心理科。
如果你希望更好地处理生活问题或者了解自己，你可以选择心理咨询。
需要注意的是，心理咨询师和精神科医生的角色并不冲突，很多时候他们可以并行工作。
对于某些需要长期治疗的心理疾病，药物治疗和心理咨询往往可以并用，以提高治疗效果。
但无论何时，如果你感到困扰或者痛苦，都请及时寻求专业的帮助。
每个人都值得被理解和帮助，你不必独自面对困难。",354
